-- phpMyAdmin SQL Dump
-- version 4.7.7
-- https://www.phpmyadmin.net/
--
-- Host: localhost
-- Generation Time: Feb 07, 2019 at 10:08 AM
-- Server version: 10.3.12-MariaDB
-- PHP Version: 7.0.26

SET SQL_MODE = "NO_AUTO_VALUE_ON_ZERO";
SET AUTOCOMMIT = 0;
START TRANSACTION;
SET time_zone = "+00:00";


/*!40101 SET @OLD_CHARACTER_SET_CLIENT=@@CHARACTER_SET_CLIENT */;
/*!40101 SET @OLD_CHARACTER_SET_RESULTS=@@CHARACTER_SET_RESULTS */;
/*!40101 SET @OLD_COLLATION_CONNECTION=@@COLLATION_CONNECTION */;
/*!40101 SET NAMES utf8mb4 */;

--
-- Database: `id5580813_main`
--

-- --------------------------------------------------------

--
-- Table structure for table `ach-descs`
--

CREATE TABLE `ach-descs` (
  `id` int(11) NOT NULL,
  `description` text NOT NULL
) ENGINE=InnoDB DEFAULT CHARSET=utf8;

--
-- Dumping data for table `ach-descs`
--

INSERT INTO `ach-descs` (`id`, `description`) VALUES
(1, 'Это достижение только у одного человека - основателя проекта.'),
(2, 'Это достижение получили те, кто зарегистрировался одним из первых.'),
(3, 'Это достижение получают пользователи, отправившие хотя бы один пост на своей странице.'),
(4, 'Это достижение получают пользователи, сменившие фон и фото профиля в настройках.'),
(5, 'Это достижение получают пользователи, загрузившие хотя бы одно фото.'),
(6, 'Это достижение получают пользователи, указавшие свой день рождения.'),
(7, 'Это достижение получают пользователи, указавшие свой класс.'),
(8, 'Это достижение получают пользователи, которые пригласили своих знакомых.');

-- --------------------------------------------------------

--
-- Table structure for table `achievements`
--

CREATE TABLE `achievements` (
  `id` int(11) NOT NULL,
  `user` int(11) NOT NULL,
  `ach_id` int(11) NOT NULL,
  `date` varchar(255) NOT NULL
) ENGINE=InnoDB DEFAULT CHARSET=utf8;

--
-- Dumping data for table `achievements`
--

INSERT INTO `achievements` (`id`, `user`, `ach_id`, `date`) VALUES
(1, 1, 1, ''),
(36, 1, 2, ''),
(37, 1, 3, ''),
(38, 1, 4, ''),
(39, 1, 5, ''),
(40, 1, 6, ''),
(41, 1, 7, ''),
(42, 36, 2, ''),
(43, 36, 4, ''),
(44, 36, 5, ''),
(45, 36, 6, ''),
(46, 36, 7, ''),
(47, 1, 8, ''),
(48, 37, 2, ''),
(49, 37, 3, ''),
(50, 37, 6, ''),
(51, 37, 7, ''),
(52, 0, 2, ''),
(53, 39, 2, '04.06.2018 11'),
(54, 39, 4, '04.06.2018 11'),
(55, 40, 2, '04.06.2018 12'),
(56, 36, 3, '13.06.2018 16'),
(57, 1, 6, '15.10.2018 08'),
(58, 1, 6, '15.10.2018 08'),
(59, 1, 5, '15.10.2018 08'),
(60, 1, 6, '21.11.2018 10'),
(61, 1, 3, '21.11.2018 10'),
(62, 1, 5, '21.11.2018 10'),
(63, 1, 7, '21.11.2018 10'),
(64, 1, 5, '21.11.2018 10'),
(65, 1, 6, '21.11.2018 10'),
(66, 1, 3, '21.11.2018 10'),
(67, 1, 6, '21.11.2018 10'),
(68, 1, 6, '21.11.2018 10'),
(69, 1, 5, '21.11.2018 10'),
(70, 1, 7, '21.11.2018 10'),
(71, 1, 6, '21.11.2018 10'),
(72, 1, 3, '21.11.2018 10'),
(73, 1, 5, '21.11.2018 10'),
(74, 1, 3, '21.11.2018 10'),
(75, 1, 7, '21.11.2018 10'),
(76, 1, 3, '21.11.2018 10'),
(77, 1, 5, '21.11.2018 10'),
(78, 1, 6, '21.11.2018 11'),
(79, 1, 6, '21.11.2018 11'),
(80, 1, 5, '21.11.2018 11'),
(81, 1, 7, '21.11.2018 11'),
(82, 1, 7, '21.11.2018 11'),
(83, 1, 5, '21.11.2018 11'),
(84, 1, 3, '21.11.2018 11'),
(85, 1, 7, '21.11.2018 11'),
(86, 1, 5, '21.11.2018 11'),
(87, 1, 7, '21.11.2018 11'),
(88, 1, 5, '21.11.2018 11'),
(89, 1, 3, '21.11.2018 11'),
(90, 1, 7, '21.11.2018 11'),
(91, 1, 7, '21.11.2018 11'),
(92, 1, 7, '21.11.2018 11'),
(93, 1, 5, '21.11.2018 11'),
(94, 1, 6, '21.11.2018 11'),
(95, 1, 7, '21.11.2018 11'),
(96, 1, 3, '21.11.2018 11'),
(97, 1, 5, '21.11.2018 11'),
(98, 1, 5, '21.11.2018 11'),
(99, 1, 5, '21.11.2018 11'),
(100, 1, 5, '21.11.2018 11'),
(101, 1, 6, '21.11.2018 11'),
(102, 1, 6, '21.11.2018 11'),
(103, 1, 7, '21.11.2018 11'),
(104, 1, 7, '21.11.2018 11'),
(105, 1, 3, '21.11.2018 11'),
(106, 1, 6, '21.11.2018 11'),
(107, 1, 5, '21.11.2018 11'),
(108, 1, 5, '21.11.2018 11'),
(109, 1, 3, '21.11.2018 11'),
(110, 1, 6, '21.11.2018 11'),
(111, 1, 5, '21.11.2018 11'),
(112, 1, 6, '21.11.2018 11'),
(113, 1, 7, '21.11.2018 11'),
(114, 1, 6, '21.11.2018 11'),
(115, 1, 5, '21.11.2018 11'),
(116, 1, 6, '21.11.2018 11'),
(117, 1, 5, '21.11.2018 11'),
(118, 1, 6, '21.11.2018 11'),
(119, 1, 7, '21.11.2018 11'),
(120, 1, 7, '21.11.2018 11'),
(121, 1, 7, '21.11.2018 11'),
(122, 1, 7, '21.11.2018 11'),
(123, 1, 5, '21.11.2018 11'),
(124, 1, 5, '21.11.2018 11'),
(125, 1, 6, '21.11.2018 11'),
(126, 1, 5, '21.11.2018 11'),
(127, 1, 6, '21.11.2018 11'),
(128, 1, 7, '21.11.2018 11'),
(129, 1, 5, '21.11.2018 11'),
(130, 1, 6, '21.11.2018 11'),
(131, 1, 6, '21.11.2018 11'),
(132, 1, 6, '21.11.2018 11'),
(133, 1, 5, '21.11.2018 11'),
(134, 1, 7, '21.11.2018 11'),
(135, 1, 3, '21.11.2018 11'),
(136, 1, 5, '21.11.2018 11'),
(137, 1, 3, '21.11.2018 11'),
(138, 1, 6, '21.11.2018 11'),
(139, 1, 5, '21.11.2018 11'),
(140, 1, 7, '21.11.2018 11');

-- --------------------------------------------------------

--
-- Table structure for table `announcements`
--

CREATE TABLE `announcements` (
  `id` int(11) NOT NULL,
  `user` int(11) NOT NULL,
  `week` int(11) NOT NULL,
  `year` int(11) NOT NULL,
  `date` varchar(255) NOT NULL,
  `announcement` varchar(255) NOT NULL
) ENGINE=InnoDB DEFAULT CHARSET=utf8;

--
-- Dumping data for table `announcements`
--

INSERT INTO `announcements` (`id`, `user`, `week`, `year`, `date`, `announcement`) VALUES
(1, 1, 36, 2018, '02.09.2018', 'Дежурим!! В 7.40 стоять на постах'),
(2, 1, 36, 2018, '05.09.2018', 'Принести на сдачу учебники по биологии!!'),
(3, 1, 37, 2018, '10.09.2018', 'Родительское собрание четверг 7 вечера'),
(4, 1, 39, 2018, '24.09.2018', 'В четверг сбор макулатуры '),
(5, 1, 39, 2018, '24.09.2018', 'Во вторник сбор в 15.15 у школы (будем фотографироваться в Парке Победы)'),
(6, 1, 1, 2018, '01.10.2018', 'С НГ!!!!!!! '),
(7, 1, 1, 1, '8.10.2018', 'У мальчиков мед.обследование!'),
(10, 1, 1, 1, '10.10.2018', 'Сочинение сдать в этот день'),
(11, 1, 1, 1, '13.10.2018', 'Приходим ко второму уроку'),
(12, 1, 1, 1, '1.1.2019', 'С НГ'),
(15, 1, 1, 1, '22.10.2018', 'В 2 допы по матеше'),
(16, 1, 1, 1, '22.10.2018', 'Дежурим, в школу к 7.30'),
(17, 1, 1, 1, '23.10.2018', 'Дежурим, в школу к 7.30'),
(18, 1, 1, 1, '24.10.2018', ' Дежурим, в школу к 7.30'),
(19, 1, 1, 1, '25.10.2018', ' Дежурим, в школу к 7.30'),
(20, 1, 1, 1, '26.10.2018', 'В 7.25 у школы, обязательно взять черную ручку, деньги на проезд, паспорт(без обложки) и бахилы'),
(21, 1, 1, 1, '27.10.2018', 'В 7.25 у школы, обязательно взять черную ручку, деньги на проезд, паспорт(без обложки) и бахилы'),
(22, 1, 1, 1, '29.10.2018', '9:00 пробные экзамены по истории, обществу и биологии'),
(23, 1, 1, 1, '30.10.2018', '9:00 пробные экзамены по химии и литературе'),
(24, 1, 1, 1, '1.11.2018', '9:00 пробный экзамен по физике'),
(25, 1, 1, 1, '31.10.2018', 'Занятия по математике: 10:00 профиль, 11:00 база. Занятия по русскому 12:00'),
(26, 1, 1, 1, '1.11.2018', 'Занятия по математике: 10:00 профиль, 11:00 база.'),
(27, 1, 1, 1, '31.10.2018', 'Принести на русский сочинение \"Скажи мне о своей мечте, и я скажу, кто ты\"'),
(28, 1, 1, 1, '14.11.2018', 'Родительское собрание'),
(29, 1, 1, 1, '17.11.2018', 'Последний день сдачи стихов по литературе'),
(30, 1, 1, 1, '16.11.2018', 'Пробный экзамен по информатике для группы Е.Н. в 17.00'),
(31, 1, 1, 1, '22.11.2018', 'Пробное сочинение по литературе. 8:00'),
(32, 1, 1, 1, '5.12.2018', 'Итоговое сочинение 8.45'),
(33, 0, 0, 0, '24.12.2018', '5-6 уроки - тестовая часть ЕГЭ по русскому'),
(34, 0, 0, 0, '26.12.2018', 'Пробный экзамен по математике (база) (9:00)'),
(35, 0, 0, 0, '28.12.2018', 'Пробный экзамен по математике (профиль) (8:00)'),
(36, 0, 0, 0, '27.12.2018', 'Пробный экзамен по информатике 8:00'),
(37, 0, 0, 0, '27.12.2018', 'Принести комментарии (русский) и сборники (по русскому) (кто не пишет информатику)'),
(38, 0, 0, 0, '10.1.2019', '10:00 пробные экзамены по физике(316) и по химии(214)'),
(39, 0, 0, 0, '10.1.2019', '12:00 уборка снега'),
(40, 0, 0, 0, '23.1.2019', 'Ко второму уроку'),
(41, 0, 0, 0, '26.1.2019', 'Принести работу по информатике'),
(42, 0, 0, 0, '31.2.2019', 'апап'),
(43, 0, 0, 0, '31.2.2019', 'око');

-- --------------------------------------------------------

--
-- Table structure for table `blog`
--

CREATE TABLE `blog` (
  `id` int(11) NOT NULL,
  `categorie_id` int(11) NOT NULL DEFAULT 0,
  `author` int(11) NOT NULL,
  `date` varchar(20) NOT NULL,
  `title` varchar(64) NOT NULL,
  `text_preview` varchar(128) NOT NULL,
  `text_full` text NOT NULL,
  `background` varchar(10) NOT NULL
) ENGINE=InnoDB DEFAULT CHARSET=utf8;

--
-- Dumping data for table `blog`
--

INSERT INTO `blog` (`id`, `categorie_id`, `author`, `date`, `title`, `text_preview`, `text_full`, `background`) VALUES
(10, 0, 1, '4 май 2018', 'Что нового было в апреле?', '4 нововведения апреля ', 'Что появилось в апреле?<br><br>\r\n<b>Страница профиля.</b>Теперь вы можете создавать, редактировать и просматривать профили пользователей!<br><br>\r\n<b>Ваша личная стена.</b>Пишите, делитесь мыслями на своей стене! Все пользователи смогут увидеть ваши записи!<br><br>\r\n<b>Друзья.</b>У вас есть профиль? Отлично! Вы можете добавлять друзей, а также их удалять.<br><br>\r\n<b>Редактирование профиля.</b>Наскучил стандартный фон или фото профиля? Или вы перешли в другой класс? В настройках теперь можно редактировать профиль!!\r\n<br><br>\r\nИ самое важное! В апреле был создан этот сайт. Надеюсь, он не умрет :)', '977811165'),
(14, 0, 1, '24 май 2018', 'Нововведения мая', 'основные изменения мая', '<u>Основные нововведения мая</u><br><br>\r\n<b>Взаимодействие с почтовыми сервисами.</b>Теперь на сайте вы можете восстановить пароль(если к аккаунту привязана почта) и получать важные уведомления, однако по каким-то причинам mail.ru отказывается принимать сообщения с сайта, хотя другие отлично это делают. Поэтому, если на ящик не приходит сообщение, поменяйте его на gmail (лучшая почта).<br><br>\r\n<b>Изменение пароля.</b>В мае стало доступно изменение пароля. Если у вас привязана почта, то вам придет уведомление о его смене.<br><br>\r\n<b>Обновленный редактор статей.</b>Теперь в редакторе статей гораздо легче создавать красивые статьи с помощью новых инструментов редактирования текста.<br><br>\r\n<b>Блок друзей.</b>С мая вы можете отправлять и принимать заявки в друзья, видеть свой список друзей, а также их удалять.<br><br>\r\n<b>Блок фотографий.</b>Еще в мае был добавлен раздел с фотографиями, где каждый сможет загрузить свои фотографии.<br><br>\r\n<b>Достижения.</b>Теперь каждый зарегистрированный пользователь сайта может получать особые достижения. Пока вы не получите его, вы не узнаете, за что оно выдается. Также есть уникальные достижения, которые точно вас выделят на фоне других.<br><br>\r\n<b>Новый алгоритм хэширования паролей.</b>До 13 мая все пароли были захэшированы в формате md5. Однако сейчас этот метод небезопасен, и было принято решение об изменении алгоритма хэширования. Теперь ваш пароль точно никто не узнает(действительно никто).<br><br>\r\n<b>Новая строка в профиле.</b>Теперь у каждого пользователя показана дата его регистрации(на странице профиля).<br><br>\r\n<b>Новый раздел - Дневник.</b> С сегодняшнего дня каждый может посмотреть дз на главной странице, и некоторые смогут его добавлять.', '6461118018'),
(15, 0, 1, '30 май 2018', 'Адаптация под мобильные устройства', 'теперь домаша и на телефоне', 'Сегодня была закончена работа над адаптацией сайта под мобильные устройства.  К сожалению, по определенным причинам мобильная версия имеет слегка урезанный функционал, но большинство функций все же выполняет. Уверен, вы даже и не заметили бы отсутствие некоторых из них.<br><br> Обновление будет загружено уже этой ночью.<br><br><image src=\"img/data/blog_images/7.jpg\" width=\"100%\"><br><br>Изменено 3.06.2018', '7359348111'),
(16, 0, 1, '31 май 2018', 'Добавление дз теперь еще проще', '(и теперь добавление заданий доступно всем)', 'Сегодня была добавлена возможность форматировать текст в редакторе заданий. Вы сможете сделать текст жирным, подчеркнутым, курсивом. <br><br>Также редактор стал доступен всем подтвержденным пользователем.<br><br> Уже этой ночью будет загружено обновление с доской объявлений сверху, чтобы не забыть что-то важное. Объявление сможет разместить любой зарегистрированный пользователь с рейтингом больше 50.\r\n<br><br>\r\n<img src=\"img/data/blog_images/1.jpg\" width=\"100%\"><br><br><img src=\"img/data/blog_images/2.jpg\" width=\"100%\">', 'empty'),
(17, 0, 1, '01 июн 2018', 'Темный (ночной) режим', 'и первый день лета', '    Сегодня на сайт будет добавлена ночная тема.  Она изменяет почти все элементы на более темные. Переключатель темы можно будет найти в настройках. Обратите внимание, что тема установится только на устройстве, с которого она была применена. Т.е. при включении темы на компьютере, на телефоне она не появится.<br><br>\r\n    А еще сегодня первый день лета, поэтому желаю вам провести его с пользой, возможно, подготовится к экзаменам, прочитать список литературы на лето(или даже произведения из него),  почаще гулять и провести его так, чтобы вы не жалели об упущенном времени.<br><br>\r\n<image src=\"img/data/blog_images/3.jpg\" width=\"100%\">\r\n<image src=\"img/data/blog_images/4.jpg\" width=\"100%\">\r\n<image src=\"img/data/blog_images/5.jpg\" width=\"100%\">', '2494569808'),
(18, 0, 1, '02 июн 2018', 'Блок с решебниками', '(доступен на главной странице)', 'Сегодня на сайт будет добавлен блок с актуальными решебниками. Какие-то решебники блокируют, какие-то становятся платными, но в этом блоке будут только проверенные, так что вам не придется искать - все станет намного проще. Также здесь будет использован новый скрипт(он пока доступен не всем) для сокращения ссылок, так что не бойтесь переходить по ссылкам из этого блока - все они проходят ручную проверку.<br><br><image src=\"img/data/blog_images/6.jpg\" width=\"100%\">', 'empty'),
(19, 0, 1, '03 июн 2018', 'Система голосований', 'новый раздел на сайте', 'Встречайте! Система голосований. Теперь вы сами сможете выбирать, что нового будет на домаше. Если в списке нет того, что вы хотите, можете предложить свой вариант - не бойтесь. Этой ночью обновление будет загружено на сайт, и через некоторое время создание голосований станет доступно всем пользователям. <br><br><image src=\"img/data/blog_images/8.jpg\" width=\"100%\"><br><br><image src=\"img/data/blog_images/9.jpg\" width=\"100%\"><br><br>Проголосовать за следующее нововведение можно <a href=\"http://domasha.tk/voting.php?v=next-update\">тут</a>', 'empty'),
(20, 0, 1, '05 июн 2018', 'Запомнить меня', 'запоминание пользователя при входе', 'Сегодня на сайт было загружено обновление, изменяющее страницу с авторизацией. Теперь вы можете войти, не оставляя файлов cookie на компьютере. Для это надо убрать флажок с чекбокса \"Запомнить меня\". <br><br>Раньше надо было выходить вручную.<br><br><b>Было</b><image src=\"img/data/blog_images/10.jpg\" width=\"100%\"><br><br><b>Стало</b><image src=\"img/data/blog_images/11.jpg\" width=\"100%\">', 'empty'),
(21, 0, 1, '11 июн 2018', 'Обновление от 11 июня 2018', 'несколько изменений и доработок', 'Сегодня на сайт было загружено обновление с некоторыми исправлениями и доработками. Были оптимизированы скрипты, немного обновлено оформление, исправлены ошибки с оптимизацией под телефоны, исправлены ошибки в темной теме.\r\n<br><br>\r\nТеперь в блоке объявлений не показывается кнопка \"Показать\", если на эту неделю обновлений нет. Также, если у пользователя меньше 50 рейтинга, то кнопка \"Добавить\" не будет показываться. Раньше кнопка была, но отправить объявление все равно было нельзя.<br><br>\r\nВ меню была добавлена строка с голосованием за следующее обновление.<br><br>И другие минорные изменения в безопасности и оптимизации.\r\n<br><br><image src=\"img/data/blog_images/12.jpg\" width=\"100%\">', '9770454850'),
(22, 0, 1, '13 июн 2018', 'Ударим по дудосу!', 'защита от DDoS в новом обновлении', 'Вчера на сайт была подключена защита от DDoS атак. Она не будет давать ботам загружать сервер, что положительно скажется на скорости работы сайта. <br><br>Также была улучшена оптимизация. Теперь страницы загружаются на 28% быстрее (отвечаю).<br><br>Для всех пользователей изменения должны вступить в силу в ближайшие сутки. Если у вас сайт все еще грузится медленно, попробуйте очистить кэш и куки.', '7995254066'),
(23, 0, 1, '15 июн 2018', 'Картинки в дз', 'Прикрепляй картинки в домашнюю работу', 'Сегодня на сайт было загружено большое обновление, но в этой статье речь пойдет только о возможности прикреплять файлы(пока только картинки) к домашним заданиям.<br><br>\r\nЗагрузить можно как одно, так и несколько изображений. Если вложения имеются, то в строке с заданием появится иконка, при нажатии на которую вас перекинет на страницу со вложениями.<br><br> О других изменениях в этом обновлении читайте в следующих статьях.<br><br> <image src=\"img/data/blog_images/13.jpg\" width=\"100%\"><br><br><image src=\"img/data/blog_images/14.jpg\" width=\"100%\"><br><br><image src=\"img/data/blog_images/15.jpg\" width=\"100%\"><br><br><image src=\"img/data/blog_images/16.jpg\" width=\"100%\">', '6959534277'),
(24, 0, 1, '16 июн 2018', 'Раскрась домашу!', 'Вчера было загружено большое обновление, и постепенно оно становится доступным пользователям.', 'Вчера было загружено большое обновление, и постепенно оно становится доступным пользователям. <br><br>Сегодня стало доступно изменение тем. В прошлом месяце был добавлен ночной режим, однако основная тема была слишком серой. Это может не всем понравится, поэтому было принято решение добавить немного новых тем. Возможно, в будущем будут добавляться и новые темы.<br><br>\r\nЧтобы выбрать тему, надо перейти на страницу <a href=\"account.php?act=change-theme\"> настроек</a>. После применения тема будет установлена на все устройства под одним аккаунтом. Кстати, чтобы изменить тему, необходимо быть зарегистрированным.<br><br><image src=\"img/data/blog_images/17.jpg\" width=\"100%\"><br><br><image src=\"img/data/blog_images/18.jpg\" width=\"100%\">', 'empty'),
(25, 0, 1, '18 июн 2018', 'Телеграмм-бот', 'С сегодняшнего дня вы можете узнавать задания прямо в телеграмме, не используя для этого сайт! ', 'С сегодняшнего дня вы можете узнавать задания прямо в телеграмме, не используя для этого сайт!  Для этого достаточно лишь написать боту <a href=\"https://t.me/domasha_bot\">@domasha_bot</a>. Для удобства доступны только текущая, предыдущая и следующая недели.<br><br> А еще сегодня сайт перешел на безопасный HTTPS протокол (хотя кому это может быть интересно)<br><br>А еще скоро запустится бот ВК.', '7022157208'),
(26, 0, 1, '26 дек 2018', 'О том, как изменилась домаша за 5 месяцев', 'Статья', 'Читать тут <a href=\"https://vk.com/@a_sirotin1-how-domasha-changed\">https://vk.com/@a_sirotin1-how-domasha-changed</a>', 'empty'),
(27, 0, 1, '26 дек 2018', 'Настройки', 'статья', 'Сделал короче настройки юзайте, доступно на всех страницах<br><br> <image src=\"img/data/domasha_includes/9e57489ba10cbbff7c63efd8a108fabb.jpg\" width=\"100%\">', 'empty'),
(28, 0, 1, '26 дек 2018', 'Обновленный блог', 'статья', 'Делать было нечего, решил возродить блог. Буду тут писать некоторые обновы, уже написал недавние.<br><br> Была изменена сама страница блога, чтобы соответствовать дизайну всего сайта(дизайн блога не менялся с мая 2018)<br><br>Было:<image src=\"img/data/domasha_includes/3d133c0f70e6a1d0306d4239d6435b6f.jpg\" width=\"100%\"><br><br>Стало:<image src=\"img/data/domasha_includes/a09bc5b115ddace64938520455988756.jpg\" width=\"100%\">', 'empty'),
(29, 0, 1, '26 дек 2018', 'Подключение HSTS', 'статья', 'Подключил вчера на сайт HSTS. Это такая штучка которая заставляет браузер использовать HTTPS вместо HTTP. Это также можно сделать через .htaccess (как и было до этого), однако в момент перед переходом с HTTP на HTTPS можно было перенаправить юзера на другой сайт (пока данные еще не были загружены) через MITM. Теперь же эта уязвимость закрыта.<br><br>Подробно о HSTS можно почитать на <a href=\"https://ru.wikipedia.org/wiki/HSTS\">https://ru.wikipedia.org/wiki/HSTS</a>', 'empty'),
(30, 0, 1, '26 дек 2018', 'Обновление меню', 'статья', 'Не надо слов, все на гифке :)<br><br><image src=\"img/data/domasha_includes/59aff7ef334347df10c7b1ace0d3e5b4.jpg\" width=\"100%\">', 'empty'),
(31, 0, 1, '27 дек 2018', 'Пользователи онлайн', 'статья', 'Добавил сегодня сточку с количеством юзеров онлайн. Очень долго делал, потому что не мог найти ошибку<image src=\"img/data/domasha_includes/6d3300a5fca4027cdeb2577bf00841f3.jpg\" width=\"100%\">', 'empty');

-- --------------------------------------------------------

--
-- Table structure for table `chat_bot`
--

CREATE TABLE `chat_bot` (
  `id` int(11) NOT NULL,
  `vk_id` int(11) NOT NULL,
  `message` text COLLATE utf8_unicode_ci NOT NULL,
  `time` varchar(255) COLLATE utf8_unicode_ci NOT NULL
) ENGINE=InnoDB DEFAULT CHARSET=utf8 COLLATE=utf8_unicode_ci;

--
-- Dumping data for table `chat_bot`
--

INSERT INTO `chat_bot` (`id`, `vk_id`, `message`, `time`) VALUES
(1, 138597699, 'привет', '1529386233'),
(2, 138597699, 'привет', '1529386260'),
(3, 138597699, 'аааа', '1529386315'),
(4, 138597699, 'привет', '1529386332'),
(5, 138597699, 'аааа', '1529386334'),
(6, 138597699, '123', '1529386389'),
(7, 138597699, '123', '1529386455'),
(8, 138597699, 'd', '1529386512'),
(9, 138597699, 'd', '1529386706'),
(10, 138597699, 'd', '1529387288');

-- --------------------------------------------------------

--
-- Table structure for table `cookies`
--

CREATE TABLE `cookies` (
  `i` int(11) NOT NULL,
  `id` int(11) NOT NULL,
  `hashed` varchar(255) NOT NULL,
  `secretcode` varchar(254) NOT NULL
) ENGINE=InnoDB DEFAULT CHARSET=utf8;

--
-- Dumping data for table `cookies`
--

INSERT INTO `cookies` (`i`, `id`, `hashed`, `secretcode`) VALUES
(54, 36, '19ca14e7ea6328a42e0eb13d585e4c22', '202cb962ac59075b964b07152d234b70'),
(64, 40, 'd645920e395fedad7bbbed0eca3fe2e0', 'cfcd208495d565ef66e7dff9f98764da'),
(73, 36, '19ca14e7ea6328a42e0eb13d585e4c22', '202cb962ac59075b964b07152d234b70');

-- --------------------------------------------------------

--
-- Table structure for table `eges`
--

CREATE TABLE `eges` (
  `id` int(11) NOT NULL,
  `link` varchar(255) NOT NULL,
  `short_desc` varchar(255) NOT NULL,
  `subject_id` int(11) NOT NULL,
  `confirmed` int(11) NOT NULL DEFAULT 0,
  `user` int(11) NOT NULL
) ENGINE=InnoDB DEFAULT CHARSET=utf8;

--
-- Dumping data for table `eges`
--

INSERT INTO `eges` (`id`, `link`, `short_desc`, `subject_id`, `confirmed`, `user`) VALUES
(5, 'domasha.tk/sl?l=vyWhH', '30 вариантов Демидова', 6, 1, 1),
(6, 'domasha.tk/sl?l=RXphF', 'Итоговое сочинение', 3, 1, 1),
(7, 'domasha.tk/sl?l=nELGB', 'Сдам ЕГЭ', 1, 1, 1),
(8, 'domasha.tk/sl?l=60UyF', 'Сдам ГИА', 14, 1, 1),
(9, 'domasha.tk/sl?l=2avGl', 'Разбор заданий типового варианта ЕГЭ.', 6, 1, 1);

-- --------------------------------------------------------

--
-- Table structure for table `friends`
--

CREATE TABLE `friends` (
  `id` int(11) NOT NULL,
  `user_id` int(11) NOT NULL,
  `friend_id` int(11) NOT NULL,
  `status` int(11) NOT NULL
) ENGINE=InnoDB DEFAULT CHARSET=utf8;

--
-- Dumping data for table `friends`
--

INSERT INTO `friends` (`id`, `user_id`, `friend_id`, `status`) VALUES
(26, 34, 1, 2),
(27, 1, 35, 2),
(28, 2, 35, 2),
(30, 33, 35, 1),
(31, 1, 36, 2),
(33, 1, 37, 1),
(34, 36, 37, 1);

-- --------------------------------------------------------

--
-- Table structure for table `gdzs`
--

CREATE TABLE `gdzs` (
  `id` int(11) NOT NULL,
  `link` varchar(255) NOT NULL,
  `short_desc` varchar(255) NOT NULL,
  `subject_id` int(11) NOT NULL,
  `confirmed` int(11) NOT NULL DEFAULT 0,
  `user` int(11) NOT NULL
) ENGINE=InnoDB DEFAULT CHARSET=utf8;

--
-- Dumping data for table `gdzs`
--

INSERT INTO `gdzs` (`id`, `link`, `short_desc`, `subject_id`, `confirmed`, `user`) VALUES
(7, 'domasha.tk/sl?l=vjq64', 'учебник по алгебре', 1, 1, 1),
(11, 'domasha.tk/sl?l=HDsga', 'Student\'s Book', 7, 1, 36),
(12, 'domasha.tk/sl?l=ysZHY', 'учебник геома', 2, 1, 36),
(13, 'domasha.tk/sl?l=Mo8L6', 'ученбик химия', 13, 1, 40),
(14, 'domasha.tk/sl?l=IgDru', 'еще учебник химия', 13, 1, 40),
(15, 'domasha.tk/sl?l=8mcYZ', 'физика учебник', 6, 1, 40),
(17, 'domasha.tk/sl?l=UMnkJ', 'Test Booklet', 7, 1, 1),
(19, 'domasha.tk/sl?l=iY5Sx', 'русский учебник', 4, 1, 1),
(20, 'domasha.tk/sl?l=m6scr', 'учебник общага', 12, 1, 1),
(21, 'domasha.tk/sl?l=AZkHB', 'ГДЗ задачник по алгебре 10‐11 класс Мордкович часть 2', 1, 0, 1);

-- --------------------------------------------------------

--
-- Table structure for table `homework`
--

CREATE TABLE `homework` (
  `id` int(11) NOT NULL,
  `grade_id` int(11) NOT NULL,
  `date` varchar(15) NOT NULL,
  `homework` varchar(255) NOT NULL,
  `hw-includes` text NOT NULL,
  `solution` varchar(255) NOT NULL DEFAULT '0',
  `user` int(11) NOT NULL,
  `tg_week` int(11) NOT NULL,
  `tg_day_num` int(11) NOT NULL,
  `hw-img` text NOT NULL,
  `hw-docs` text NOT NULL
) ENGINE=InnoDB DEFAULT CHARSET=utf8;

--
-- Dumping data for table `homework`
--

INSERT INTO `homework` (`id`, `grade_id`, `date`, `homework`, `hw-includes`, `solution`, `user`, `tg_week`, `tg_day_num`, `hw-img`, `hw-docs`) VALUES
(1, 1, '10.10.2018', 'Стр. 212-222 читать, подготовить сообщение или презентацию по стране Европы 1 ряд- запад.Европа 2 ряд-южная Европа 3 ряд-северн.Европа', '', '', 1, 41, 3, '8ea84fb9c0a5a9e666dd07690ffb352f,64fde0e02aae882bf2abfea0d77e8a02,1fb9d0b430c96748e0c8c260e756a68c', ''),
(3, 4, '10.10.2018', 'Читать Гранатовый браслет', '', '', 1, 41, 3, '', ''),
(4, 2, '10.10.2018', '§8-9 устно', '', '', 1, 41, 3, '', ''),
(5, 7, '11.10.2018', 'Сочинение Когда возникает конфликт между мечтой и реальностью', '', '', 1, 41, 4, '', ''),
(6, 3, '18.10.2018', '§5 ответы на вопросы', '', '', 1, 41, 4, '935de32036a61793ce6e1edf07b9f745,bd41abe1a2aef0c2aef85afe82dc1f6a,bde8c6062694a14742d7203bf9d218f9', ''),
(7, 4, '18.10.2018', '§49-51, дописать методы исследования генетики человека и генные заболевания', '', '', 1, 41, 4, 'f6842810f27a6c5d8d63d81ab5025e01', ''),
(8, 6, '10.10.2018', '§6 устно', '', '', 1, 0, 0, '', ''),
(11, 3, '10.10.2018', 'Задания из вложений', '2,9613980abaff43a971314506421c2eb3,', '', 1, 0, 0, '2,9613980abaff43a971314506421c2eb3', ''),
(12, 5, '10.10.2018', 'Задания из вложений, ударения на все оставшиеся буквы', '1,1,https://vk.com/doc138597699_476731363', '', 1, 41, 3, '', 'https://vk.com/doc138597699_476731363'),
(13, 3, '12.10.2018', '41.15-41.19 a', '', '', 1, 41, 5, '', ''),
(14, 3, '13.10.2018', 'Вся теория, 454, 422(а)', '', '', 1, 41, 6, '', ''),
(15, 5, '12.10.2018', 'C. 28 упр 5,6', '', '', 1, 41, 4, '', ''),
(16, 4, '12.10.2018', '§8-9 устно', '', '', 1, 0, 0, 'adb547e56b65df54b808cff76d95cefe,3463663d7c06d35864e67c863e56399e,4c104b166d610ce4936c8079c98e959b,f29f2f9407aac25459bf4b8818e13463,06a3f40df624faaf814633c1777c0f41', ''),
(17, 1, '17.10.2018', '§36 задание 3', '', '', 1, 0, 0, '', ''),
(18, 3, '15.10.2018', 'Сделать проверочную работу в ЯКлассе', '1,1,https://www.yaklass.ru/TestWork/Join/5KI6-ELXcUCpEHsbsQtG1w', '', 1, 0, 0, '', 'https://www.yaklass.ru/TestWork/Join/5KI6-ELXcUCpEHsbsQtG1w'),
(19, 2, '15.10.2018', 'Сообщения по рядам (всего 6 рядов) 1-й В.Брюсов, 2-й К.Бальмонт, 3-й И.Анненский, 4-й В.Иванов, 5-й З.Гиппиус, 6-й А.Белый. Подготовить на 2-3 минуты (основные факты из биографии, краткая характеристика творчества)', '', '', 1, 0, 0, '', ''),
(22, 2, '16.10.2018', '§6 ответы на вопросы устно, §7 читать', '', '', 1, 42, 2, '', ''),
(23, 7, '13.10.2018', 'Учить ударения на все оставшиеся буквы и корни с чередованием', '', '', 1, 41, 6, '', ''),
(24, 2, '17.10.2018', 'Учить термины до 65 стр.', '', '', 1, 0, 0, '', ''),
(25, 2, '13.10.2018', 'С.32 упр 3,4', '', '', 1, 0, 0, '', ''),
(26, 1, '15.10.2018', 'Сделать задания из вложений (2 и 3 фотки по вариантам. делать вариант соседа). 42.16-42.18, 42.7-42.9 а', '2,34bd0474660fcb77a1c07d868a5d6552,d1e155242d7e7489ed42cf46c7125d9d,3fe64f6a200f3cd90590d74fed396ca0,', '', 1, 0, 0, '34bd0474660fcb77a1c07d868a5d6552,d1e155242d7e7489ed42cf46c7125d9d,3fe64f6a200f3cd90590d74fed396ca0', ''),
(27, 6, '18.10.2018', 'С.34 упр.1 пересказ', '', '', 1, 0, 0, '', ''),
(28, 6, '16.10.2018', 'Сделать вариант ЕГЭ (вложения) ', '1,1,https://vk.com/doc138597699_477149866', '', 1, 0, 0, '', 'https://vk.com/doc138597699_477149866'),
(31, 4, '17.10.2018', 'Учить стихи (вложения) (рассказать до 25 октября)', '2,bc0135baa04b5d0e520b5d093103ce2b,', '', 1, 0, 0, 'bc0135baa04b5d0e520b5d093103ce2b', ''),
(32, 3, '16.10.2018', 'Вопросы из вложений (еще не скинула)', '', '', 1, 0, 0, '', ''),
(33, 1, '16.10.2018', '42.12, 42.13 (а,б), 42.19, 42.20, 42.24, 42.25 (а)', '', '', 1, 42, 2, '', ''),
(34, 3, '19.10.2018', '43.14-43.21 (а), 43.1-43.4 (а)', '', '0', 1, 42, 5, '', ''),
(35, 6, '17.10.2018', '§7 выучить все определения', '', '0', 1, 0, 0, '', ''),
(37, 3, '17.10.2018', '§21 вопросы 1-5, задачи 1-4, кто не сделал ЯКласс может сделать на этот день', '1,1,https://www.yaklass.ru/TestWorkRun/Preview/815311', '0', 1, 0, 0, '', 'https://www.yaklass.ru/TestWorkRun/Preview/815311'),
(44, 5, '17.10.2018', '10 задание ЕГЭ (8-14), вариант ЕГЭ (все во вложениях)', '1,2,https://vk.com/doc138597699_477448237,https://vk.com/doc138597699_477448214,', '0', 1, 42, 3, '', 'https://vk.com/doc138597699_477448237,https://vk.com/doc138597699_477448214'),
(45, 1, '24.10.2018', '§36 читать Восточную Европу, с. 223 упр. 4 (план на с.370)', '', '0', 1, 0, 0, '', ''),
(46, 2, '23.10.2018', '§7 изучить документ, устно ответить на вопросы', '', '0', 1, 0, 0, '', ''),
(47, 1, '18.10.2018', 'Доделать задание 11 (вложения), принести тетрадь для сочинения ЕГЭ', '2,87c68e1a7394eebf2a188b8a6833f508,', '0', 1, 42, 4, '87c68e1a7394eebf2a188b8a6833f508', ''),
(48, 4, '19.10.2018', '§10-11 читать', '', '0', 1, 42, 5, '', ''),
(49, 2, '22.10.2018', 'Пересказ биографии А.Блока: 10 фактов о жизни и творчестве (пишем на уроке)', '', '0', 1, 0, 0, '', ''),
(50, 1, '20.10.2018', 'Написать комментарий по тексту', '2,a7ae24112455c5992092bebe70a82562,', '0', 1, 0, 0, 'a7ae24112455c5992092bebe70a82562', ''),
(51, 4, '25.10.2018', '§52, дописать про Линнея и Ламарка, 3 человека - доклады', '', '0', 1, 0, 0, '', ''),
(52, 5, '19.10.2018', 'С.36 упр. 3,4, дописать 8 номер', '', '0', 1, 0, 0, '', ''),
(53, 3, '25.10.2018', '§6 ответить на вопросы', '', '0', 1, 43, 4, '', ''),
(54, 1, '9.11.2018', '§4 читать', '', '0', 1, 43, 5, '', ''),
(55, 2, '20.10.2018', 'Доделать в ЯКлассе present simple', '1,1,https://www.yaklass.ru/p/english-language/1011-klass/grammar-12407,', '0', 1, 42, 6, '', 'https://www.yaklass.ru/p/english-language/1011-klass/grammar-12407'),
(56, 1, '22.10.2018', '43.26-43.29 (а), 43.32 весь', '', '0', 1, 43, 1, '', ''),
(57, 3, '20.10.2018', '466-468 (а), 469 (б)', '', '0', 1, 42, 6, '', ''),
(58, 6, '25.10.2018', 'ЯКласс present continuous', '1,1,https://www.yaklass.ru/p/english-language/1011-klass/grammar-12407/present-continuous-13724,', '0', 1, 43, 4, '', 'https://www.yaklass.ru/p/english-language/1011-klass/grammar-12407/present-continuous-13724'),
(59, 3, '10.11.2018', 'Зачет по векторам и движению, задание по рядам (презентация, модели и т.д.) 1-й ряд - цилиндр, 2-й - конус 3-й - шар, сфера. Выучить теорию по этим фигурам. Сделать задания по вариантам 1-й - 512 г, 513 б, 2 - й 512 б, 513 а.', '', '0', 1, 0, 0, '', ''),
(60, 6, '23.10.2018', 'Сделать вариант ЕГЭ (вложения)', '1,1,https://vk.com/doc138597699_477940407,', '0', 1, 43, 2, '', 'https://vk.com/doc138597699_477940407'),
(61, 5, '22.10.2018', 'Сделать работу в ЯКлассе (необязательно)', '1,1,https://www.yaklass.ru/TestWorkRun/Preview/823605,', '0', 1, 43, 1, '', 'https://www.yaklass.ru/TestWorkRun/Preview/823605'),
(62, 3, '23.10.2018', 'С. 83 задачи 2-5', '', '0', 1, 0, 0, '', ''),
(63, 1, '23.10.2018', 'Сделать задания из вложений, 44.4 - 44.6 (a)', '2,d10ddc10a9f0219925619fc90e0b4810,', '0', 1, 0, 0, 'd10ddc10a9f0219925619fc90e0b4810', ''),
(64, 1, '6.11.2018', '43.7 - 43.11 (а)', '', '0', 1, 0, 0, '', ''),
(65, 6, '24.10.2018', '§8 конспект', '', '0', 1, 43, 3, '', ''),
(66, 3, '24.10.2018', 'Доделать задачи из вложений', '2,f340d64e3914dcf0bc1690dadc1ff7b5,', '0', 1, 0, 0, 'f340d64e3914dcf0bc1690dadc1ff7b5', ''),
(67, 5, '24.10.2018', 'Вариант ЕГЭ из вложений', '1,1,https://vk.com/doc138597699_478156117,', '0', 1, 43, 3, '', 'https://vk.com/doc138597699_478156117'),
(68, 1, '7.11.2018', '§36 весь, §37 Франция читать', '', '0', 1, 44, 3, '', ''),
(69, 4, '7.11.2018', 'Учить стихи \"Фабрика\", \"Россия\", \"Ночь, улица, фонарь,аптека\", одно стизотворение из цикла \"На поле Куликовом\", \"О доблестях, о подвигах, о славе...\" ', '', '0', 1, 0, 0, '', ''),
(70, 2, '6.11.2018', 'Читать §8, с.91 задание 5 (таблица)', '', '0', 1, 44, 2, '', ''),
(71, 1, '25.10.2018', 'Сделать вариант из вложений', '1,1,https://vk.com/doc138597699_478264399,', '0', 1, 43, 4, '', 'https://vk.com/doc138597699_478264399'),
(72, 2, '7.11.2018', '§12 устно ответить на вопросы ', '', '0', 1, 43, 5, '', ''),
(73, 3, '8.11.2018', '§7 ответы на вопросы', '', '0', 1, 44, 4, '', ''),
(74, 4, '8.11.2018', '§52 читать, выучить основные положения теории Дарвина', '', '0', 1, 44, 4, '', ''),
(75, 3, '7.11.2018', '§26 читать, с.93 5 задача', '', '0', 1, 45, 3, '', ''),
(76, 3, '9.11.2018', '2 примера из вложений, 44.18-44.22 (а)', '2,ac61f4a0e6c1645f0de8f00ce3e11700,', '0', 1, 45, 5, 'ac61f4a0e6c1645f0de8f00ce3e11700', ''),
(77, 5, '7.11.2018', 'Сделать задания из вложений', '1,1,https://vk.com/doc138597699_479585606,', '0', 1, 45, 3, '', 'https://vk.com/doc138597699_479585606'),
(78, 6, '7.11.2018', 'Эссе (Мысли мудрых с.92)', '', '0', 1, 45, 3, '', ''),
(79, 7, '8.11.2018', 'Сочинение Великодушие - это сила или слабость?', '2,bb1a3337a427e0203b6119a7cfb6413a,d3cd7aed39203a33a9b5a4aff83312e4,e666ccdac039fbee24ecffb1cb700e73,1524c83d4afd0a926c3a132b4322f3b1,3ec0742daa98eecfaacb92321f6e8f98,', '0', 1, 45, 4, 'bb1a3337a427e0203b6119a7cfb6413a,d3cd7aed39203a33a9b5a4aff83312e4,e666ccdac039fbee24ecffb1cb700e73,1524c83d4afd0a926c3a132b4322f3b1,3ec0742daa98eecfaacb92321f6e8f98', ''),
(80, 1, '14.11.2018', '§36, §37 Польша читать', '', '0', 1, 46, 3, '', ''),
(81, 4, '9.11.2018', '§13, заполнить таблицу Территориальные изменения в Европе c.88, доделать вопросы по §12 (1-4)', '', '0', 1, 45, 5, '', ''),
(82, 5, '8.11.2018', 'Принести законы логики', '2,576749dbe84d1382cc8157715f7fe4c6,', '0', 1, 45, 4, '576749dbe84d1382cc8157715f7fe4c6', ''),
(83, 1, '8.11.2018', 'Учить паронимы 1-40 (есть во вложениях)', '1,1,https://paronymonline.ru/ege.html,', '0', 1, 45, 4, '', 'https://paronymonline.ru/ege.html'),
(84, 2, '8.11.2018', 'Стихи', '', '0', 1, 45, 4, '', ''),
(85, 2, '13.11.2018', '§9 читать, ответить на вопросы', '', '0', 1, 46, 2, '', ''),
(86, 3, '12.11.2018', 'Работа в ЯКлассе (сделать до 9 часов воскресенья)', '1,1,https://www.yaklass.ru/TestWorkRun/Preview/858309,', '0', 1, 46, 1, '', 'https://www.yaklass.ru/TestWorkRun/Preview/858309'),
(87, 3, '15.11.2018', '§8 ответы на вопросы ', '', '0', 1, 46, 4, '', ''),
(88, 4, '15.11.2018', '§53 читать', '', '0', 1, 46, 4, '', ''),
(89, 2, '10.11.2018', 'С.46 упр 4,5', '', '0', 1, 45, 5, '', ''),
(90, 2, '12.11.2018', 'Сочинение Души побеждаются не оружием, а любовью и великодушием', '', '0', 1, 46, 1, '', ''),
(91, 1, '12.11.2018', '45.1-45.8 (аб)', '', '0', 1, 0, 0, '', ''),
(92, 2, '14.11.2018', '§14 читать, учить определения, c.98 задание 2', '', '0', 1, 46, 3, '', ''),
(93, 1, '10.11.2018', 'Учить паронимы а-д', '', '0', 1, 45, 6, '', ''),
(94, 6, '13.11.2018', 'Учить паронимы ж-и, кто хочет исправить оценку за зачет - сделать работу над ошибками, домашнюю работу на 7 ноября', '', '0', 1, 46, 2, '', ''),
(95, 4, '14.11.2018', 'Читать поэму Двенадцать', '', '0', 1, 46, 3, '', ''),
(96, 3, '13.11.2018', 'Работа в ЯКлассе', '1,1,https://www.yaklass.ru/TestWorkRun/Preview/869821,', '0', 1, 46, 2, '', 'https://www.yaklass.ru/TestWorkRun/Preview/869821'),
(97, 4, '13.11.2018', 'Ответить на вопросы в <b>контрольной тетради</b>', '2,2d64772b90ea21496d1848b97843b9a6,', '0', 1, 46, 2, '2d64772b90ea21496d1848b97843b9a6', ''),
(98, 1, '13.11.2018', '45.9-45.13 (a)', '', '0', 1, 46, 2, '', ''),
(99, 7, '15.11.2018', 'Сочинение В чем, по-вашему, могут быть причины жестокости', '', '0', 1, 46, 4, '', ''),
(100, 3, '17.11.2018', 'Задачи на цилиндр из вложений, учить теорию по цилиндру, номера 522, 523, 525', '2,9df31d58a74fc53cf5ab8c3f58248159,b3e683fa24659a110d2f20458046b3ee,2a0e7991c640e095c6f31fd0882e11fe,06a887c4b2177bb5291107449dac96ae,', '0', 1, 46, 6, '9df31d58a74fc53cf5ab8c3f58248159,b3e683fa24659a110d2f20458046b3ee,2a0e7991c640e095c6f31fd0882e11fe,06a887c4b2177bb5291107449dac96ae', ''),
(101, 3, '16.11.2018', '45.16 (аб) + 2 примера из вложений', '2,0a3a47e61411ad74133525b23ec06aab,', '0', 1, 0, 0, '0a3a47e61411ad74133525b23ec06aab', ''),
(102, 5, '14.11.2018', 'Учить паронимы К-О', '1,1,https://paronymonline.ru/ege.html,', '0', 1, 46, 3, '', 'https://paronymonline.ru/ege.html'),
(103, 5, '15.11.2018', '10 заданий из документа', '1,1,https://vk.com/doc515841785_481251115?hash=c1f5f4c7a4ed60f69b&dl=11158a7e4949d87b5a,', '0', 1, 46, 4, '', 'https://vk.com/doc515841785_481251115?hash=c1f5f4c7a4ed60f69b&dl=11158a7e4949d87b5a'),
(104, 1, '21.11.2018', '§37 читать', '', '0', 1, 47, 3, '', ''),
(105, 2, '21.11.2018', 'с. 98 упр. 2 (таблица)', '', '0', 1, 46, 5, '', ''),
(106, 1, '15.11.2018', 'Учить паронимы от П до конца', '1,1,https://paronymonline.ru/ege.html,', '0', 1, 46, 4, '', 'https://paronymonline.ru/ege.html'),
(107, 2, '15.11.2018', 'Выписать героев поэмы Двенадцать, распределив их в группы: старый мир и новый мир', '', '0', 1, 46, 4, '', ''),
(108, 2, '20.11.2018', '§10 конспект', '', '0', 1, 47, 2, '', ''),
(109, 1, '17.11.2018', 'Зачет по паронимам и 6 заданию', '', '0', 1, 46, 6, '', ''),
(110, 2, '19.11.2018', 'Подготовить пересказ биографии Горького, пишем на уроке', '', '0', 1, 47, 1, '', ''),
(111, 4, '22.11.2018', '§54-55 читать, сделать работу в ЯКлассе', '1,1,https://www.yaklass.ru/TestWorkRun/Preview/884434,', '0', 1, 47, 4, '', 'https://www.yaklass.ru/TestWorkRun/Preview/884434'),
(112, 7, '22.11.2018', 'Сочинение Доброта лучше красоты - Г.Гейне', '', '0', 1, 47, 4, '', ''),
(113, 2, '17.11.2018', 'Теория module 3 GR6-GR8, с.168 упр. 1,2', '', '0', 1, 46, 6, '', ''),
(114, 1, '19.11.2018', 'Сделать задания, которые не делали на уроке', '', '0', 1, 47, 1, '', ''),
(115, 3, '24.11.2018', 'Задания 521, 524, 527 (б), 528, 531, 533, 538, 540', '', '0', 1, 47, 6, '', ''),
(116, 5, '19.11.2018', 'Задания из документа', '1,1,https://vk.com/doc515841785_481678788?hash=7c826c37c7bc397e9f&dl=016100ad1ff6657aa2,', '0', 1, 47, 1, '', 'https://vk.com/doc515841785_481678788?hash=7c826c37c7bc397e9f&dl=016100ad1ff6657aa2'),
(117, 3, '29.11.2018', '§10 ответы на вопросы', '', '0', 0, 47, 4, '', ''),
(118, 4, '21.11.2018', 'Прочитать рассказ Челкаш', '', '0', 1, 47, 3, '', ''),
(119, 3, '20.11.2018', 'Сделать контрольную на листочке', '2,95463e37690f98e6b6da4377d6875e18,30a27cc75f9f4fbb97908ae101b02422,0b97530de3eb0237f3458609c8cfcb81,8c9e62d5e43724d47cd3e8e02649e502,', '0', 1, 47, 2, '95463e37690f98e6b6da4377d6875e18,30a27cc75f9f4fbb97908ae101b02422,0b97530de3eb0237f3458609c8cfcb81,8c9e62d5e43724d47cd3e8e02649e502', ''),
(120, 7, '20.11.2018', 'Еще не скинула...', '', '0', 1, 47, 2, '', ''),
(121, 1, '20.11.2018', '47.1-47.4 (аб)', '', '0', 1, 47, 2, '', ''),
(122, 6, '20.11.2018', 'Посмотреть словарь тавтологий', '1,1,https://down.ctege.info/ege/2018/teoriya/rus/rus-slovar-pleonazmov-tavtologiy.pdf,', '0', 1, 47, 2, '', 'https://down.ctege.info/ege/2018/teoriya/rus/rus-slovar-pleonazmov-tavtologiy.pdf'),
(123, 3, '23.11.2018', '47.5-47.13 (аб)', '', '0', 1, 47, 5, '', ''),
(124, 6, '21.11.2018', '§11 конспект', '', '0', 1, 47, 3, '', ''),
(125, 5, '21.11.2018', 'Сделать задание из файла: списать <b>полностью</b> предложения и объяснить постановку запятых', '1,1,https://vk.com/doc138597699_481052465,', '0', 1, 47, 3, '', 'https://vk.com/doc138597699_481052465'),
(126, 3, '21.11.2018', 'Готовиться к зачету по формулам', '2,b03e938a5e6200aaa01aec50c88743c4,', '0', 1, 47, 3, 'b03e938a5e6200aaa01aec50c88743c4', ''),
(127, 1, '28.11.2018', '§38 читать, готовиться к зачету по карте Европы', '', '0', 0, 48, 3, '', ''),
(128, 1, '24.11.2018', 'Долелать работу на листочке (запятые)', '', '0', 1, 47, 4, '', ''),
(129, 3, '26.11.2018', 'Задачи 340-350', '2,a8f73c8ea38ef8fa9ef48c1834cf819f,', '0', 1, 48, 1, 'a8f73c8ea38ef8fa9ef48c1834cf819f', ''),
(130, 2, '26.11.2018', 'Читать Старуха Изергиль', '', '0', 0, 47, 4, '', 'https://ilibrary.ru/text/486/p.1/index.html'),
(131, 4, '29.11.2018', '§54-55 читать', '', '0', 1, 48, 4, '', ''),
(132, 8, '29.11.2018', 'Задачи 8-12', '2,af4a6fc28d44423818c7f261fa29d665,', '0', 1, 48, 4, 'af4a6fc28d44423818c7f261fa29d665', ''),
(133, 7, '29.11.2018', 'Сочинение на любую тему (не включая тему пробного сочинения)', '2,57e08f38e40ca48a11ab72902efdf598,', '0', 1, 48, 4, '57e08f38e40ca48a11ab72902efdf598', ''),
(135, 2, '28.11.2018', '§16 ответить на вопросы', '', '0', 1, 48, 3, '', ''),
(136, 2, '24.11.2018', 'С.54 упр.2 ([b]писать ничо не надо[/b])', '', '0', 1, 47, 6, '', ''),
(137, 6, '29.11.2018', 'Пересказ текста с.57', '', '0', 1, 48, 4, '', ''),
(138, 6, '30.11.2018', '554 (б), 555 (б), 551 (б), 547, 548', '', '0', 1, 48, 5, '', ''),
(139, 6, '27.11.2018', 'Задания из файла', '', '0', 1, 48, 2, '', 'https://vk.com/doc138597699_481524446'),
(141, 5, '24.11.2018', '', '', '0', 0, 47, 6, '', ''),
(143, 1, '27.11.2018', '47.18 - 47.25 (а)', '', '0', 0, 48, 2, '', ''),
(144, 4, '28.11.2018', 'Читать На дне (первое действие)', '', '0', 0, 48, 3, '', ''),
(145, 3, '27.11.2018', 'Найти формулы для емкости конденсатора, индуктивности катушки, решить 3 задачи из вложений', '', '0', 0, 48, 2, 'baeac42dec7871aec2c59934520b189e', 'http://xn--b1agsdjmeuf9e.xn--p1ai/%D1%8D%D0%BB%D0%B5%D0%BA%D1%82%D1%80%D0%B8%D1%87%D0%B5%D1%81%D1%82%D0%B2%D0%BE/%D1%91%D0%BC%D0%BA%D0%BE%D1%81%D1%82%D1%8C-%D0%BA%D0%BE%D0%BD%D0%B4%D0%B5%D0%BD%D1%81%D0%B0%D1%82%D0%BE%D1%80%D0%B0/'),
(146, 6, '28.11.2018', 'Эссе (с.127 мысли мудрых)', '', '0', 0, 48, 3, '', ''),
(147, 3, '30.11.2018', 'Задания из вложений ', '', '0', 0, 48, 5, '396fa355695bb02f776354c5eeff00b7', ''),
(148, 5, '28.11.2018', 'Задание из файла', '', '0', 0, 48, 3, '', 'https://vk.com/doc138597699_481793679'),
(149, 1, '12.12.2018', '§38 читать, устно ответить на вопросы', '', '0', 0, 49, 3, '', ''),
(150, 4, '7.12.2018', 'Сделать задачу из тетради, с.111 задания 8,9', '', '0', 0, 48, 5, '', ''),
(151, 2, '29.11.2018', 'Читать На дне (второе действие)', '', '0', 0, 48, 4, '', ''),
(152, 1, '29.11.2018', 'Сделать задания из файла', '', '0', 0, 48, 4, '', 'https://vk.com/doc138597699_481910174'),
(153, 2, '4.12.2018', '§12 конспект', '', '0', 0, 49, 2, '', ''),
(154, 2, '6.12.2018', 'Читать На дне (3 действие), подробно про Луку (кто такой, значение имени, истории, расказанные лукой)', '', '0', 0, 49, 1, '', ''),
(155, 3, '6.12.2018', '§12 ответы на вопросы', '', '0', 0, 49, 4, '', ''),
(156, 3, '22.11.2018', '§9 ответить на вопросы', '', '0', 0, 47, 4, '', ''),
(157, 4, '6.12.2018', '§58 расписать формы естественного отбора, работа в ЯКлассе', '', '0', 0, 49, 4, '', 'https://www.yaklass.ru/TestWorkRun/Preview/917096'),
(158, 4, '30.11.2018', '§11 ответы на вопросы', '', '0', 0, 48, 5, '', ''),
(159, 1, '1.12.2018', 'Доделать вариант с доп. урока (с 14 задания)', '', '0', 0, 48, 6, '', 'https://vk.com/doc138597699_481989467'),
(160, 5, '30.11.2018', 'пересказ...', '', '0', 0, 48, 5, '', ''),
(162, 1, '3.12.2018', 'Задания по вариантам', '', '0', 0, 49, 1, '8ea84fb9c0a5a9e666dd07690ffb352f,64fde0e02aae882bf2abfea0d77e8a02', ''),
(163, 6, '6.12.2018', 'с.64 (все задания)', '', '0', 0, 49, 4, '', ''),
(164, 6, '3.12.2018', '556, 560 (a), 566, 569', '', '0', 0, 49, 1, '', ''),
(165, 6, '4.12.2018', 'Задание из файла (предложения 1-20)', '', '0', 0, 49, 2, '', 'https://vk.com/doc138597699_482341772'),
(166, 3, '8.12.2018', 'Задания по вариантам: 2-й (559,563,567,560б), 1-й (562,565,568,555б)', '', '0', 0, 49, 6, '', ''),
(167, 3, '4.12.2018', 'Работа в ЯКлассе', '', '0', 0, 49, 2, '', 'https://www.yaklass.ru/TestWorkRun/Preview/927839'),
(168, 1, '4.12.2018', '48.1, 48.2 (аб)', '', '0', 0, 49, 2, '', ''),
(169, 3, '7.12.2018', '48.3-48.12 (аб), 48.17 (аб)', '', '0', 0, 49, 5, '', ''),
(170, 3, '5.12.2018', 'ЯКласс...', '', '0', 0, 49, 3, '', 'https://www.yaklass.ru/TestWorkRun/Preview?jid=bkQeHIkwMkKQ8yyzGKXbcQ'),
(171, 4, '13.12.2018', '§59 читать, сообщения по рядам об адаптациях (1-й - морфологические, 2-й - биохимические и физиологические, 3-й - поведенческие)', '', '0', 0, 50, 4, '', ''),
(172, 2, '10.12.2018', 'Читать На дне (4 действие), как в драме \"на дне\" разоблачается философия луки?', '', '0', 0, 50, 1, '', ''),
(173, 1, '8.12.2018', 'Задание из файла (c 11 до конца)', '', '0', 0, 49, 6, '', 'https://vk.com/doc138597699_482736886'),
(174, 2, '7.12.2018', 'Доделать работу по §16', '', '0', 0, 49, 5, '', ''),
(175, 2, '12.12.2018', '§18-19 читать', '', '0', 0, 50, 3, '', ''),
(176, 2, '8.12.2018', 'С.64 учить слова упр.2', '', '0', 0, 49, 6, '', ''),
(177, 1, '10.12.2018', '49.1 - 49.13 (а)', '', '0', 0, 50, 1, '', ''),
(178, 6, '11.12.2018', 'Задание из файла, 1-й вариант из сборника', '', '0', 0, 50, 2, '', 'https://vk.com/doc138597699_482938439'),
(179, 6, '13.12.2018', 'С 66 упр.4, учить слова с прошлого дз', '', '0', 0, 50, 4, '', ''),
(180, 3, '15.12.2018', '588 доделать, 573 (б), 574, 576 (б), 578, 579, 589 (б), 593 (а)', '', '0', 0, 50, 6, '', ''),
(181, 1, '11.12.2018', '49.23-49.24 а , 49.15-49.17 а', '', '0', 0, 50, 2, '', ''),
(182, 4, '12.12.2018', 'Николай Гумилев Жираф учить', '', '0', 0, 50, 3, '', ''),
(183, 3, '11.12.2018', 'Задания из вложений', '', '0', 0, 50, 2, '7fd5165aedcb6c00f14a2a00102e17d9,8bce80b4d554994a1b365f2a53223245', ''),
(184, 6, '12.12.2018', '§13 конспект', '', '0', 0, 50, 3, '', ''),
(185, 3, '12.12.2018', 'Теория, задачи из презентации', '', '0', 0, 50, 3, '', 'https://vk.com/doc71808761_482913927?hash=7b3226453ffb0a1d10&dl=9018cf8dd923b93eed'),
(186, 5, '12.12.2018', 'Учебник грекова(второй учебник по русскому) страница 318 параграф 86 прочитать, повторить, упражнение 471 письменно в рабочей тетради', '', '0', 0, 50, 3, '', ''),
(187, 3, '14.12.2018', 'Задания из вложений', '', '0', 0, 50, 5, '618d15b932987567d6574e9086fc14f9,73f098cad5b9b5abb60e19606bd9b6e8,ec2b520901d3f22d02cb96fa3a2a1f1c', ''),
(188, 2, '11.12.2018', '', '', '0', 0, 50, 2, '', ''),
(189, 3, '17.12.2018', '', '', '0', 0, 51, 1, '', ''),
(190, 1, '19.12.2018', '§39, стр.246 задание 5', '', '0', 0, 51, 3, '', ''),
(191, 5, '14.12.2018', 'С.170 задания 1, 2', '', '0', 0, 50, 5, '', ''),
(192, 2, '17.12.2018', 'стих заблудившийся трамвай(найти анализ и прочитать, будет тест по истории, средствам выразительности),', '', '0', 0, 51, 1, '', ''),
(193, 1, '15.12.2018', 'Предложения 20-35 из файла ', '', '0', 0, 50, 6, '', 'https://vk.com/doc138597699_483484780'),
(194, 3, '13.12.2018', '§13 ответы на вопросы', '', '0', 0, 50, 4, '', ''),
(195, 1, '17.12.2018', 'Вариант из вложений', '', '0', 0, 51, 1, '7424f35415725b4a577450456b693c8d', ''),
(196, 2, '19.12.2018', 'стр 145 задание 1', '', '0', 0, 51, 3, '', ''),
(197, 3, '22.12.2018', '593 (а), 595, 597', '', '0', 0, 51, 6, '', ''),
(198, 2, '18.12.2018', '§14 читать', '', '0', 0, 51, 2, '', ''),
(199, 6, '18.12.2018', 'Задание из файла (с 36 до конца)', '', '0', 0, 51, 2, '', 'https://vk.com/doc138597699_483484780'),
(200, 1, '18.12.2018', '1.37 (б), 1.42 (а,б)', '', '0', 0, 51, 2, '288447c902503df9c5a97da579be42e1,0be6811b58c95379b894689515ab33cb', ''),
(201, 4, '19.12.2018', 'Прочитать стихи, по желанию выучить одно из первых двух', '', '0', 0, 51, 3, 'c33b7d60a8c3c98d217f5285965c732c', ''),
(202, 5, '19.12.2018', 'Вариант 3 из сборника', '', '0', 0, 51, 3, '', ''),
(203, 1, '20.12.2018', 'Задания 1-5 из файла, закончить классную работу \n', '', '0', 0, 51, 4, '', 'https://vk.com/doc138597699_484162225'),
(204, 2, '20.12.2018', 'Анализ стихотворений', '', '0', 0, 51, 4, 'c33b7d60a8c3c98d217f5285965c732c', ''),
(205, 3, '20.12.2018', '§13 ответы на вопросы', '', '0', 0, 51, 4, '', ''),
(206, 2, '24.12.2018', '10 фактов из жизни и творчества Анны Ахматовой в хронологическом порядке (пересказ на уроке)', '', '0', 0, 52, 1, '', ''),
(207, 5, '21.12.2018', '', '', '0', 0, 51, 5, 'f6842810f27a6c5d8d63d81ab5025e01', ''),
(208, 1, '22.12.2018', 'Задания 6-11 из файла, объяснить постановку', '', '0', 0, 51, 6, '', 'https://vk.com/doc138597699_484162225'),
(209, 1, '24.12.2018', 'Другой вариант\n', '', '0', 0, 52, 1, '1fb9d0b430c96748e0c8c260e756a68c', ''),
(210, 6, '25.12.2018', '4-й вариант из сборника', '', '0', 0, 52, 2, '', ''),
(211, 3, '27.12.2018', '§14 ответы на вопросы', '', '0', 0, 52, 4, '', ''),
(212, 1, '14.1.2019', 'Тест 40', '', '0', 0, 3, 1, '37caac9208e3df8c81a0dee24fb0b1bf,96f7f9e94e1c21b1627149a02bc91bc7,2dc3129219cb1e6de9f60dddb924e233,dd3e5d747ce97694fcd743fb142530b1', ''),
(213, 1, '27.8.2018', 'служебный урок', '', '0', 0, 35, 1, '9e57489ba10cbbff7c63efd8a108fabb,3d133c0f70e6a1d0306d4239d6435b6f,a09bc5b115ddace64938520455988756,59aff7ef334347df10c7b1ace0d3e5b4,6d3300a5fca4027cdeb2577bf00841f3,9e8a1409d645b222464cc9989dcd07a8,50692314176c1113cb9a64bc1005bc55,7bf814529b6c92b9ece9fa9f10a53e28,bcfe8db76eec0ab86cdfb4516a3e93d0', ''),
(214, 2, '14.1.2019', 'Читать Мастера и Маргариту и поэму Анны Ахматовой Реквием', '', '0', 0, 3, 1, '', ''),
(215, 4, '16.1.2019', 'Читать поэму Реквием, принести текст', '', '0', 0, 3, 3, '', ''),
(216, 3, '14.1.2019', '', '', '0', 0, 3, 1, '', ''),
(217, 3, '15.1.2019', 'Сделать задания по вариантам (на листочке!), посмотреть видос по ссылке', '', '0', 0, 3, 2, '7970f4f6f40fefc0777bacbc8abc7f57,1c6bb54bb93f430dfcae1cf1c2e9fe8b,62df3c4acf78fb3f81208621e68b3e7c,5e8a4e74d75b185932e01a76e1d112eb', 'https://interneturok.ru/lesson/physics/11-klass/boptikab/linza-formula-tonkoy-linzy-zelenin-s-v'),
(218, 2, '15.1.2019', 'Задания 6-10, 15-20', '', '0', 0, 3, 2, '', 'https://vk.com/doc515841785_488361930?hash=cead9d699c0a2019a3'),
(219, 5, '17.1.2019', 'Задания 24, 26, 30, 31, 32', '', '0', 0, 3, 4, '', 'https://vk.com/doc515841785_488361930?hash=cead9d699c0a2019a3'),
(220, 3, '16.1.2019', 'Задания по вариантам из документа', '', '0', 0, 3, 3, '', 'https://vk.com/doc71808761_486917331?hash=ce06998052b5e214bd'),
(221, 5, '16.1.2019', 'Вариант 6 из сборника', '', '0', 0, 3, 3, '', ''),
(222, 5, '13.9.2018', '501091384 3-12', '', '0', 0, 37, 4, '', ''),
(223, 3, '18.1.2019', 'Задания из вложений ', '', '0', 0, 3, 5, '91ddebcf6650b6951a5142e71160a28c', ''),
(224, 4, '18.1.2019', '§22 (кто не делал), §23 ответы на вопросы', '', '0', 0, 3, 5, '', ''),
(225, 1, '30.1.2019', '§41 читать', '', '0', 0, 4, 3, '', ''),
(226, 1, '17.1.2019', 'Принести сборник, сделать 7 вариант', '', '0', 0, 3, 4, '', ''),
(227, 3, '17.1.2019', '§15 ответы на вопросы', '', '0', 0, 3, 4, '', ''),
(228, 2, '21.1.2019', 'Читать Мастер и Маргарита 1 и 2 главы', '', '0', 0, 4, 1, '', ''),
(229, 3, '24.1.2019', '§16 ответы на вопросы', '', '0', 0, 4, 4, '', ''),
(230, 4, '24.1.2019', '§63 конспект', '', '0', 0, 4, 4, '', ''),
(231, 1, '19.1.2019', 'Задание из файла', '', '0', 0, 3, 6, '', 'https://vk.com/doc138597699_487482338'),
(232, 2, '18.1.2019', 'Задания 35, 36, 37, 38, 41, 42', '', '0', 0, 3, 5, '', 'https://vk.com/doc515841785_488361930?hash=cead9d699c0a2019a3'),
(233, 7, '24.1.2019', 'Комментарий по 4-му варианту', '', '0', 0, 4, 4, '', ''),
(234, 5, '24.1.2019', '§15,16 вопросы для самопроверки ', '', '0', 0, 4, 2, '', ''),
(235, 1, '25.1.2019', 'Повторить органику', '', '0', 0, 4, 5, '', ''),
(236, 5, '21.1.2019', 'Задания 1-10, 30-34', '', '0', 0, 4, 1, '', 'https://vk.com/doc515841785_488812928?hash=dcce9b415fa3e1b0c9'),
(237, 1, '21.1.2019', 'Доделать 56.6, 55.7 а, 55.10 а, 56.4 а, 56.5 а, 56.2 б', '', '0', 0, 4, 1, '', ''),
(238, 3, '21.1.2019', 'Подготовиться к опросу по формулам: формула тонкой линзы, увеличение, оптическая сила ', '', '0', 0, 4, 1, '', ''),
(239, 3, '2.2.2019', '<div style=\"display:none;\">648 а, 651, 655</div><!-- прошлый урок --> По вариантам:<br>1-й 667, 666 б, 663 б, 657 б<br>2-й 668, 666 в, 663 в, 657 а<br>[u]Сделать обязательно!! будем сдавать[/u]', '', '0', 0, 4, 6, '', ''),
(240, 4, '23.1.2019', 'Главы 1-4 МиМ, вопросы из файла', '', '0', 0, 4, 3, '', 'https://vk.com/doc138597699_488050152'),
(241, 6, '22.1.2019', 'Задания из файла', '', '0', 0, 4, 2, '', 'https://vk.com/doc138597699_487924972,https://vk.com/doc138597699_487924977'),
(242, 3, '22.1.2019', 'С.267 одно из творческих заданий', '', '0', 0, 4, 2, '', ''),
(243, 1, '22.1.2019', '56.10-56.18 а', '', '0', 0, 4, 2, '', ''),
(244, 2, '22.1.2019', 'Задания 21-27, 29', '', '0', 0, 4, 2, '', 'https://vk.com/doc515841785_488812928?hash=dcce9b415fa3e1b0c9'),
(245, 4, '25.1.2019', '§24 ответы на вопросы', '', '0', 0, 4, 3, '', ''),
(246, 3, '25.1.2019', '56.21, 56.23, 56.25 - 56.27 все под а', '', '0', 0, 4, 5, '', ''),
(247, 5, '24.1.2019', 'Задания 38, 39, 46-50, 82-84', '', '0', 0, 4, 4, '', 'https://vk.com/doc515841785_488812928?hash=dcce9b415fa3e1b0c9'),
(248, 5, '23.1.2019', 'Вариант 8 из сборника', '', '0', 0, 4, 3, '', ''),
(249, 2, '23.1.2019', 'С. 252 - 254 читать, по желанию с. 252 вопрос 4', '', '0', 0, 4, 3, '', ''),
(250, 6, '23.1.2019', '§15,16 вопросы для самопроверки ', '', '0', 0, 4, 3, '', ''),
(251, 3, '23.1.2019', 'Разобрать свой вариант', '', '0', 0, 4, 3, '', 'https://m.vk.com/doc71808761_487793686?hash=afc68c177e02484b7c&dl=a107f1445ab4d9b187'),
(252, 2, '24.1.2019', 'Главы 2, 16, 25, 26, вопросы из файла', '', '0', 0, 4, 4, '', 'https://vk.com/doc138597699_488166623'),
(253, 1, '24.1.2019', '9 вариант', '', '0', 0, 4, 4, '', ''),
(254, 6, '30.1.2019', '§17 ответы на вопросы', '', '0', 0, 5, 2, '', ''),
(255, 1, '26.1.2019', 'Вариант 10', '', '0', 0, 4, 6, '', ''),
(256, 2, '28.1.2019', 'Дочитать библейские главы, дописать комментарии к героям', '', '0', 0, 5, 1, '', ''),
(257, 3, '31.1.2019', '§17 ответы на вопросы', '', '0', 0, 5, 4, '', ''),
(258, 4, '31.1.2019', '§64 конспект', '', '0', 0, 5, 4, '', ''),
(259, 7, '31.1.2019', 'Вариант 5 полностью сочинение', '', '0', 0, 5, 4, '', ''),
(260, 1, '1.2.2019', 'Повторить решение задач', '', '0', 0, 5, 5, '', ''),
(261, 2, '30.1.2019', '§25 ответить на вопросы', '', '0', 0, 5, 3, '', ''),
(262, 2, '26.1.2019', 'Почитать грамматический материал по модулю 5, знать модальные глаголы', '', '0', 0, 4, 6, '', ''),
(263, 1, '28.1.2019', '56.28 - 56.33 a', '', '0', 0, 5, 1, '', ''),
(264, 6, '29.1.2019', 'Задание из файла', '', '0', 0, 5, 2, '', 'https://vk.com/doc138597699_488540797'),
(265, 3, '28.1.2019', 'сказала в журнале будет', '', '0', 0, 5, 1, '', ''),
(266, 4, '30.1.2019', 'Главы 4-9, вопросы из файла устно', '', '0', 0, 5, 3, '', 'https://vk.com/doc138597699_488721578'),
(267, 3, '29.1.2019', 'Доделать задачи и еще 4 из файлов', '', '0', 0, 5, 2, 'de91ca0c0bd37e55aff2e0e1080f0eff,cb4384d34805f321c28ef5ba11891b40', ''),
(268, 7, '29.1.2019', 'Задания 1-5, 42-44, 55, 56', '', '0', 0, 5, 2, '', 'https://vk.com/doc515841785_489974609?hash=95be03dcc676f0c9ce'),
(269, 1, '29.1.2019', 'Сделать оба варианта', '', '0', 0, 5, 2, '5e691229383df6ce1615969c864c85d5', ''),
(270, 0, '', '', '', '0', 0, 1, 4, '', ''),
(271, 3, '1.2.2019', '56.33 б, 56.34 а, 56.35 а', '', '0', 0, 5, 5, '', ''),
(272, 3, '30.1.2019', 'Либо подготовить сообщение по теме Парадокс Вавилова, либо составить кроссворд с ключевыми словами  интерференция, дифракция', '', '0', 0, 5, 3, '', ''),
(273, 5, '30.1.2019', 'Задание из файла', '', '0', 0, 5, 3, '', 'https://vk.com/doc138597699_488854476'),
(274, 4, '1.2.2019', '§26 ответы на вопросы', '', '0', 0, 5, 5, '', ''),
(275, 2, '31.1.2019', 'Главы 10-12, ответить почему Воланд приезжает именно в Москву', '', '0', 0, 5, 4, '', ''),
(276, 6, '6.2.2019', '§18 ответы на вопросы', '', '0', 0, 6, 2, '', ''),
(277, 1, '31.1.2019', 'Задания из документа', '', '0', 0, 5, 4, '', 'https://vk.com/doc138597699_488958522'),
(278, 2, '4.2.2019', 'Главы 13-23, задание из файла', '', '0', 0, 6, 1, '', 'https://vk.com/doc138597699_489430064'),
(279, 3, '7.2.2019', '§18 ответы на вопросы', '', '0', 0, 6, 4, '', ''),
(280, 4, '7.2.2019', 'Повторить параграфы по селекции', '', '0', 0, 6, 4, '', ''),
(281, 5, '1.2.2019', 'С.92 упр.2', '', '0', 0, 5, 5, '', ''),
(282, 7, '7.2.2019', 'Сочинение по 6 варианту', '', '0', 0, 6, 4, '', ''),
(283, 2, '6.2.2019', '§27 ответы на вопросы', '', '0', 0, 6, 3, '', ''),
(284, 1, '4.2.2019', '56.35 б, 56.36 a, 56.38 a', '', '0', 0, 6, 1, '', ''),
(285, 3, '4.2.2019', 'Задания из файла (Короче,надо запомнить как решать и сделать маааленькие шпоры,чтобы те не спалили)', '', '0', 0, 6, 1, '', 'https://vk.com/doc71808761_488986231?hash=950b91e69e435cb4e9'),
(286, 6, '5.2.2019', 'Задания из документов', '', '0', 0, 6, 2, '', 'https://vk.com/doc138597699_489400030,https://vk.com/doc138597699_489400064'),
(287, 4, '6.2.2019', 'Закончить работу из файла, дочитать до ершалаимских глав', '', '0', 0, 6, 3, '', 'https://vk.com/doc138597699_489676279'),
(288, 3, '5.2.2019', 'Прочитать стр.294-296 , раздел \"проверь себя\" (стр.296)письменно, Подготовиться к контрольной работе', '', '0', 0, 6, 2, '', 'https://vk.com/doc71808761_489163245?hash=b04c3acf83fd36c4fd'),
(289, 7, '5.2.2019', 'Задания с листочка', '', '0', 0, 6, 2, '', ''),
(290, 1, '5.2.2019', 'Задания из вложений', '', '0', 0, 6, 2, 'fcfce6c6a5512f607267c3d89b86508b,17393e607468d0e28f7f7ab0bddb6e42,f38135389f0658673e2dcfb8be20f2ed,71c99cb82b1a7ee89f414267cf3acc9c', ''),
(291, 2, '27.8.2018', 'скрипт для полякова', '', '0', 0, 35, 1, '', 'https://vk.com/doc138597699_489534267'),
(292, 2, '5.2.2019', 'Задания с листочка', '', '0', 0, 6, 2, '', ''),
(293, 3, '8.2.2019', 'Задачки, которые записали на уроке + задания с фотки', '', '0', 0, 6, 5, 'c0c36f615e70541b8c23602e3b4adb64', ''),
(294, 1, '6.2.2019', '§43-44 читать, практическая работа: на контурной карте обозначить пшеничные штаты, кукурузные штаты, границы 4-х экономических районов, 3 мегалополиса, центры автомобильной промышленности', '', '0', 0, 6, 3, '', ''),
(295, 1, '13.2.2019', '§44,45 читать, характеристика штатов по рядам', '', '0', 0, 7, 3, '', ''),
(296, 4, '8.2.2019', '§28 ответы на вопросы', '', '0', 0, 6, 5, '', ''),
(297, 2, '7.2.2019', 'Дочитать роман, доделать таблицу', '', '0', 0, 6, 4, '', ''),
(298, 6, '7.2.2019', 'С.97 упр. 2, 3', '', '0', 0, 0, 0, '', '');

-- --------------------------------------------------------

--
-- Table structure for table `invitecodes`
--

CREATE TABLE `invitecodes` (
  `invitecode` int(8) NOT NULL,
  `alreadyused` int(1) DEFAULT 0,
  `createdBy` int(11) NOT NULL,
  `usedBy` int(11) NOT NULL
) ENGINE=InnoDB DEFAULT CHARSET=utf8;

--
-- Dumping data for table `invitecodes`
--

INSERT INTO `invitecodes` (`invitecode`, `alreadyused`, `createdBy`, `usedBy`) VALUES
(5876825, 1, 1, 40),
(38076936, 1, 1, 40),
(61310996, 1, 1, 39),
(64628638, 0, 36, 0),
(88888888, 1, 1, 38),
(99840316, 0, 1, 0);

-- --------------------------------------------------------

--
-- Table structure for table `messages`
--

CREATE TABLE `messages` (
  `id` int(11) NOT NULL,
  `from` int(11) NOT NULL,
  `to` int(11) NOT NULL,
  `time` varchar(20) NOT NULL,
  `message` text NOT NULL,
  `status` int(1) NOT NULL DEFAULT 1
) ENGINE=InnoDB DEFAULT CHARSET=utf8;

--
-- Dumping data for table `messages`
--

INSERT INTO `messages` (`id`, `from`, `to`, `time`, `message`, `status`) VALUES
(1, 35, 1, '', 'да норм ниче', 1),
(2, 1, 35, '', 'ну шо как жизнь', 2),
(3, 2, 35, '', 'дядя ты шо ебободядя ты ', 2),
(4, 2, 1, '', 'не читат', 1),
(5, 35, 29, '', 'приует', 1),
(6, 35, 35, '', 'ss', 1),
(7, 1, 35, '', 'привет бич', 1),
(8, 35, 1, '', 'хеллоу', 1),
(9, 35, 1, '', 'аоаоаоооо', 1),
(10, 1, 35, '', 'привет кует', 1),
(11, 35, 1, '', 'ffff', 1);

-- --------------------------------------------------------

--
-- Table structure for table `posts`
--

CREATE TABLE `posts` (
  `id` int(11) NOT NULL,
  `post_header_image` varchar(255) NOT NULL,
  `post_header_author` int(15) NOT NULL,
  `where` varchar(255) NOT NULL,
  `post_header_date` varchar(255) NOT NULL,
  `post_content` text DEFAULT NULL,
  `deleted` int(1) NOT NULL DEFAULT 0
) ENGINE=InnoDB DEFAULT CHARSET=utf8;

--
-- Dumping data for table `posts`
--

INSERT INTO `posts` (`id`, `post_header_image`, `post_header_author`, `where`, `post_header_date`, `post_content`, `deleted`) VALUES
(1, '', 1, '1', '28.04.2018', 'ну че тест', 0),
(41, '', 1, '1', '13 май 2018', 'чечего нового нет', 1),
(43, '', 1, '1', '14 май 2018', 'начинаем работу над ачивками', 1),
(44, '', 37, '37', '14 май 2018', 'АХАХАХАХ.', 0),
(45, '', 1, '1', '15 май 2018', 'посоны привязка почты робит', 0),
(46, '', 1, '1', '18 май 2018', 'еее бой', 1),
(47, '', 1, '1', '18 май 2018', 'а хде посты?', 1),
(50, '', 1, '1', '21 май 2018', 'ачивки добавлены', 0),
(52, '', 1, '1', '24 май 2018', 'еее дневник робит', 1),
(53, '', 1, '1', '31 май 2018', 'ща такую штуку делаю офигеете', 0),
(54, '', 1, '1', '01 июн 2018', '<b>52</b>', 1),
(55, '', 1, '1', '03 июн 2018', 'добавлено несколько блоков на главную страницу', 0),
(56, '', 1, '1', '07 июн 2018', 'картинки починены', 1),
(57, '', 36, '36', '13 июн 2018', 'все атлишно', 0),
(58, '', 1, '36', '14 июн 2018', 'илья пошел в жопу', 0),
(59, '', 1, '1', '21 июн 2018', 'обновлена главная страница', 0);

-- --------------------------------------------------------

--
-- Table structure for table `short-links`
--

CREATE TABLE `short-links` (
  `id` int(11) NOT NULL,
  `link-code` varchar(255) NOT NULL,
  `full-link` varchar(255) NOT NULL,
  `confirmed` int(11) NOT NULL DEFAULT 0
) ENGINE=InnoDB DEFAULT CHARSET=utf8;

--
-- Dumping data for table `short-links`
--

INSERT INTO `short-links` (`id`, `link-code`, `full-link`, `confirmed`) VALUES
(6, 'vjq64', 'http://gdz.ru/class-10/algebra/reshebnik-mordkovich-a-g/', 1),
(10, 'HDsga', 'http://niglus.com/gdz/11/1/115#id240', 1),
(11, 'ysZHY', 'https://gdz.ru/class-10/geometria/atanasyan-10-11/', 1),
(12, 'vyWhH', 'https://vk.com/doc212061355_463152930?hash=bdd5d42ea9eab6efeb&dl=2d3c9dd30d9ad4ea6f', 1),
(13, 'Mo8L6', 'https://5terka.com/gdz-k-khimiya-11-klass-bazovyi-uroven-o-s-gabrielyan', 1),
(14, 'IgDru', 'https://megaresheba.ru/publ/reshebnik/khimija/11_klass_gabrieljan/30-1-0-2123', 1),
(15, '8mcYZ', 'https://gdz.ru/class-11/fizika/kasjyanov-uglublennij-uroven/', 1),
(17, 'UMnkJ', 'http://niglus.com/gdz/11/1/478', 1),
(19, 'J5mql', 'https://vk.com/doc71808761_473226231?hash=b7d55d4046797b61ad&dl=2c41fa353818679092', 1),
(20, 'iY5Sx', 'http://reshator.ru/10-klass/russkij-jazik/vlasenkov-rybchenkova/', 1),
(21, 'JmL3L', 'https://vk.com/doc71808761_473776409?hash=7990e21583a43838b3&dl=d702b8f7fdb0c55e50', 1),
(22, 'm6scr', 'https://aqs.su/gdz/obshchestvoznanie/11-klass/bogoljubov/bazovyj-uroven/2009-god', 1),
(23, 'Zv11q', 'http://novosti-online.info/3037-orfoepicheskiy-minimum-ege-2016.html', 1),
(24, 'RXphF', 'http://fipi.ru/ege-i-gve-11/itogovoe-sochinenie', 1),
(25, 'nELGB', 'https://math-ege.sdamgia.ru/', 1),
(26, '60UyF', 'https://bio-ege.sdamgia.ru/', 1),
(27, '2avGl', 'https://education.yandex.ru/platform/classroom/courses/3/assignments/3213/run/?utm_source=egeyandexphysics&utm_medium=referral&utm_campaign=egesecrets', 1),
(28, 'AZkHB', 'https://gdz.ru/class-10/algebra/reshebnik-mordkovich-a-g/', 1);

-- --------------------------------------------------------

--
-- Table structure for table `subjects`
--

CREATE TABLE `subjects` (
  `id` int(11) NOT NULL,
  `subject` varchar(50) NOT NULL,
  `copybook` varchar(125) NOT NULL
) ENGINE=InnoDB DEFAULT CHARSET=utf8;

--
-- Dumping data for table `subjects`
--

INSERT INTO `subjects` (`id`, `subject`, `copybook`) VALUES
(1, 'Алгебра', '1,0'),
(2, 'Геометрия', '1'),
(3, 'Литература', '1'),
(4, 'Русский', '1'),
(5, 'Астрономия', '0'),
(6, 'Физика', '1'),
(7, 'Английский', '0'),
(8, 'Информатика', '1'),
(9, 'ОБЖ', '1'),
(10, 'География', '1'),
(11, 'История', '1'),
(12, 'Общество', '1'),
(13, 'Химия', '1'),
(14, 'Биология', '1'),
(15, 'Доп. русский', '0'),
(16, 'Физра', '0'),
(17, 'Кл.час', '0'),
(18, 'Ритмика', '0'),
(19, 'Доп. матеша', '0'),
(20, 'Нет урока', '1'),
(21, 'Убрать урок', ''),
(22, 'Директорский час', '');

-- --------------------------------------------------------

--
-- Table structure for table `timetable`
--

CREATE TABLE `timetable` (
  `id` int(11) NOT NULL,
  `grade_id` int(11) NOT NULL,
  `weekday` int(11) NOT NULL,
  `subject_id` int(11) NOT NULL
) ENGINE=InnoDB DEFAULT CHARSET=utf8;

--
-- Dumping data for table `timetable`
--

INSERT INTO `timetable` (`id`, `grade_id`, `weekday`, `subject_id`) VALUES
(35, 1, 1, 1),
(36, 2, 1, 3),
(37, 3, 1, 6),
(38, 4, 1, 6),
(39, 5, 1, 8),
(40, 6, 1, 1),
(41, 1, 2, 1),
(42, 2, 2, 12),
(43, 3, 2, 6),
(45, 4, 2, 6),
(46, 5, 2, 17),
(47, 6, 2, 4),
(48, 7, 2, 8),
(49, 1, 3, 10),
(50, 2, 3, 11),
(51, 3, 3, 6),
(52, 4, 3, 3),
(53, 5, 3, 4),
(54, 6, 3, 12),
(55, 7, 3, 18),
(56, 1, 4, 4),
(57, 2, 4, 3),
(58, 3, 4, 9),
(59, 4, 4, 14),
(60, 5, 4, 8),
(61, 6, 4, 7),
(63, 7, 4, 15),
(64, 8, 4, 19),
(65, 1, 5, 13),
(66, 2, 5, 8),
(67, 3, 5, 1),
(68, 4, 5, 11),
(69, 5, 5, 7),
(70, 6, 5, 1),
(71, 1, 6, 4),
(72, 2, 6, 7),
(73, 3, 6, 2),
(74, 4, 6, 2),
(75, 5, 6, 16),
(76, 6, 6, 16);

-- --------------------------------------------------------

--
-- Table structure for table `timetable_change`
--

CREATE TABLE `timetable_change` (
  `id` int(11) NOT NULL,
  `date` varchar(255) COLLATE utf8_unicode_ci NOT NULL,
  `grade_id` int(11) NOT NULL,
  `subject_id` int(11) NOT NULL
) ENGINE=InnoDB DEFAULT CHARSET=utf8 COLLATE=utf8_unicode_ci;

--
-- Dumping data for table `timetable_change`
--

INSERT INTO `timetable_change` (`id`, `date`, `grade_id`, `subject_id`) VALUES
(1, '29.9.2018', 1, 4),
(2, '29.9.2018', 2, 3),
(3, '29.9.2018', 3, 2),
(4, '29.9.2018', 4, 2),
(5, '29.9.2018', 5, 1),
(6, '13.10.2018', 1, 20),
(7, '13.10.2018', 2, 7),
(8, '13.10.2018', 3, 2),
(9, '13.10.2018', 4, 2),
(10, '13.10.2018', 5, 16),
(11, '13.10.2018', 6, 16),
(12, '13.10.2018', 7, 4),
(13, '18.10.2018', 7, 19),
(14, '9.11.2018', 5, 20),
(15, '9.11.2018', 6, 20),
(16, '12.11.2018', 2, 15),
(17, '30.11.2018', 6, 2),
(18, '30.11.2018', 4, 9),
(19, '3.12.2018', 5, 1),
(20, '3.12.2018', 6, 2),
(21, '27.8.2018', 1, 20),
(22, '7.12.2018', 1, 8),
(23, '7.12.2018', 2, 11),
(24, '7.12.2018', 4, 13),
(25, '6.12.2018', 8, 20),
(26, '6.12.2018', 5, 19),
(29, '24.12.2018', 6, 21),
(30, '24.12.2018', 5, 21),
(31, '29.12.2018', 1, 22),
(32, '29.12.2018', 2, 17),
(33, '29.12.2018', 3, 21),
(34, '29.12.2018', 4, 21),
(35, '29.12.2018', 5, 21),
(36, '29.12.2018', 6, 21),
(37, '27.12.2018', 8, 21),
(38, '27.12.2018', 7, 21),
(39, '15.1.2019', 2, 8),
(40, '15.1.2019', 7, 21),
(44, '27.12.2018', 1, 4),
(45, '22.1.2019', 2, 8),
(46, '22.1.2019', 7, 21),
(47, '23.1.2019', 1, 20),
(48, '23.1.2019', 2, 10),
(49, '26.1.2019', 3, 16),
(50, '26.1.2019', 4, 4),
(51, '26.1.2019', 5, 21),
(52, '26.1.2019', 6, 21),
(53, '1.2.2019', 7, 19),
(54, '5.2.2019', 7, 21),
(55, '5.2.2019', 2, 8);

-- --------------------------------------------------------

--
-- Table structure for table `tokens`
--

CREATE TABLE `tokens` (
  `user` int(11) NOT NULL,
  `token` varchar(255) COLLATE utf8_unicode_ci NOT NULL,
  `cat` int(11) NOT NULL COMMENT '	1- подтверждение мыла 2- восстановление пароля 3 - изменение пароля после восстановления	',
  `newpass` varchar(10) COLLATE utf8_unicode_ci NOT NULL,
  `email` varchar(255) COLLATE utf8_unicode_ci NOT NULL
) ENGINE=InnoDB DEFAULT CHARSET=utf8 COLLATE=utf8_unicode_ci;

-- --------------------------------------------------------

--
-- Table structure for table `users`
--

CREATE TABLE `users` (
  `id` int(11) NOT NULL,
  `name` varchar(30) NOT NULL,
  `surname` varchar(30) NOT NULL,
  `email` varchar(100) NOT NULL,
  `username` varchar(255) DEFAULT NULL,
  `password` varchar(255) NOT NULL,
  `avatar` int(11) NOT NULL DEFAULT 0,
  `background` int(11) NOT NULL DEFAULT 0,
  `status` varchar(255) NOT NULL,
  `confirmed` int(11) NOT NULL DEFAULT 0,
  `bdate` varchar(255) NOT NULL DEFAULT '0',
  `sex` varchar(10) DEFAULT NULL,
  `grade` varchar(3) NOT NULL DEFAULT '0',
  `invites_left` int(1) NOT NULL DEFAULT 3,
  `regdate` varchar(255) NOT NULL,
  `lastvisit` varchar(255) NOT NULL,
  `lastvisitip` varchar(255) NOT NULL,
  `lastpasschanging` varchar(255) NOT NULL,
  `secretcode` varchar(255) NOT NULL,
  `rang` varchar(255) NOT NULL DEFAULT 'Ученик',
  `rating` int(255) NOT NULL DEFAULT 0,
  `month_rating` int(255) NOT NULL DEFAULT 0,
  `theme` varchar(255) NOT NULL DEFAULT 'default'
) ENGINE=InnoDB DEFAULT CHARSET=utf8;

--
-- Dumping data for table `users`
--

INSERT INTO `users` (`id`, `name`, `surname`, `email`, `username`, `password`, `avatar`, `background`, `status`, `confirmed`, `bdate`, `sex`, `grade`, `invites_left`, `regdate`, `lastvisit`, `lastvisitip`, `lastpasschanging`, `secretcode`, `rang`, `rating`, `month_rating`, `theme`) VALUES
(1, 'Александр', 'Сиротин', 'sasha.sirotyin09@gmail.com', 'user', '$2y$10$ByVmWBDHbOq73NZRzp8qOeG0ThkujBuERElubAPdhfckfof/mxzGi', 0, 1, 'Это моя страница!', 1, '19 июн 2001', '665752', '11А', 9990, '28 апр 2018', '26 ноя 2018 11.23 МСК', '145.255.9.36', '03 сен 2018 13.54 МСК', 'cfcd208495d565ef66e7dff9f98764da', 'Освоившийся', 301, 178, 'default'),
(2, 'Вася', 'Пупкин', '', 'loshok', '827ccb0eea8a706c4c34a16891f84e7b', 1, 1, 'чичего не знаю', 0, '', NULL, '9Б', 3, '28 апр 2018', '', '', '', '202cb962ac59075b964b07152d234b70', 'Ученик', 0, 0, 'default'),
(3, 'Лох', '', '', NULL, '', 1, 0, '', 0, '', NULL, '', 3, '10000', '', '', '', '', '', 0, 0, 'default'),
(36, 'Илья', 'Варламов', '', 'Holodeck_228', '$2y$10$eRgxafya3Y61Qmdrf2555.6SCugtZomp6s.YuWWQB47yxYp0oH8h.', 1, 1, 'Привет, мир!', 1, '22 ноя 2001', NULL, '10А', 2, '4 май 2018 ', '21 ноя 2018 9.52 МСК', '94.181.13.14', '', '202cb962ac59075b964b07152d234b70', 'Новичок', 9, 9, 'default'),
(37, 'Илья', 'Варламов', 'zax30873@gmail.com', 'zax30873', '$2y$10$L8dnyenQ35uH7zJblztIyOP2orSO80D0yEZT7MBxEfuILJamitS3a', 0, 0, 'Привет, мир!', 1, '1 янв 2012', NULL, '11Д', 3, '15 май 2018', '', '', '', '202cb962ac59075b964b07152d234b70', 'Ученик', 0, 0, 'default'),
(39, 'Ваня', 'Зубов', '', 'gnomik', '$2y$10$aIwzBYWhtDboFgTXS8gJKOSU0qcKVgBBwaAfatv3r1TBwH6lRBrHe', 1, 1, 'Я изменил статус', 1, '0', NULL, '0', 3, '04 июн 2018', '', '', '', '1679091c5a880faf6fb5e6087eb1b2dc', 'Ученик', 0, 0, 'default'),
(40, 'Егор', 'Четвериков', '', 'gourkot', '$2y$10$Vwwi9i9jq4I7.QZr/zFsL.TbH1tjr7SLwxkM39hD6Sm.aIq/P2rjW', 0, 0, '', 1, '0', NULL, '0', 3, '04 сен 2018', '', '', '', 'cfcd208495d565ef66e7dff9f98764da', 'Новичок', 0, 0, 'default');

-- --------------------------------------------------------

--
-- Table structure for table `user_photos`
--

CREATE TABLE `user_photos` (
  `id` int(11) NOT NULL,
  `author_id` int(11) NOT NULL,
  `name` int(11) NOT NULL,
  `likes` int(11) NOT NULL DEFAULT 0
) ENGINE=InnoDB DEFAULT CHARSET=utf8;

--
-- Dumping data for table `user_photos`
--

INSERT INTO `user_photos` (`id`, `author_id`, `name`, `likes`) VALUES
(1, 1, 1, 0),
(2, 1, 2, 0),
(3, 1, 3, 0),
(4, 1, 4, 0),
(5, 1, 5, 0),
(6, 1, 6, 0),
(7, 1, 7, 0),
(8, 38, 1, 0),
(9, 38, 2, 0),
(10, 1, 8, 0),
(11, 36, 1, 0),
(12, 1, 9, 0),
(13, 1, 10, 0),
(14, 36, 2, 0),
(15, 1, 11, 0),
(16, 1, 12, 0),
(17, 1, 13, 0),
(18, 1, 14, 0),
(19, 1, 15, 0),
(20, 1, 16, 0),
(21, 1, 17, 0),
(22, 1, 18, 0),
(23, 1, 19, 0),
(24, 1, 20, 0),
(25, 1, 21, 0),
(26, 1, 22, 0),
(27, 1, 23, 0),
(28, 1, 24, 0),
(29, 1, 25, 0),
(30, 1, 26, 0),
(31, 1, 27, 0),
(32, 1, 28, 0),
(33, 1, 29, 0),
(34, 1, 30, 0);

-- --------------------------------------------------------

--
-- Table structure for table `votings`
--

CREATE TABLE `votings` (
  `id` int(11) NOT NULL,
  `voting` varchar(255) NOT NULL,
  `vote_id` int(11) NOT NULL,
  `user` int(11) NOT NULL
) ENGINE=InnoDB DEFAULT CHARSET=utf8;

--
-- Dumping data for table `votings`
--

INSERT INTO `votings` (`id`, `voting`, `vote_id`, `user`) VALUES
(2, 'next-update', 2, 2),
(3, 'next-update', 2, 29),
(7, 'next-update', 1, 1),
(8, 'next-update', 1, 36);

-- --------------------------------------------------------

--
-- Table structure for table `votings_descrs`
--

CREATE TABLE `votings_descrs` (
  `id` int(11) NOT NULL,
  `voting` varchar(255) NOT NULL,
  `vote_id` int(11) NOT NULL,
  `vote_desc` varchar(255) NOT NULL
) ENGINE=InnoDB DEFAULT CHARSET=utf8;

--
-- Dumping data for table `votings_descrs`
--

INSERT INTO `votings_descrs` (`id`, `voting`, `vote_id`, `vote_desc`) VALUES
(1, 'next-update', 1, 'Новый раздел'),
(2, 'next-update', 2, 'Новый блок на главной');

--
-- Indexes for dumped tables
--

--
-- Indexes for table `ach-descs`
--
ALTER TABLE `ach-descs`
  ADD PRIMARY KEY (`id`);

--
-- Indexes for table `achievements`
--
ALTER TABLE `achievements`
  ADD PRIMARY KEY (`id`);

--
-- Indexes for table `announcements`
--
ALTER TABLE `announcements`
  ADD PRIMARY KEY (`id`);

--
-- Indexes for table `blog`
--
ALTER TABLE `blog`
  ADD PRIMARY KEY (`id`);

--
-- Indexes for table `chat_bot`
--
ALTER TABLE `chat_bot`
  ADD PRIMARY KEY (`id`);

--
-- Indexes for table `cookies`
--
ALTER TABLE `cookies`
  ADD PRIMARY KEY (`i`);

--
-- Indexes for table `eges`
--
ALTER TABLE `eges`
  ADD PRIMARY KEY (`id`);

--
-- Indexes for table `friends`
--
ALTER TABLE `friends`
  ADD PRIMARY KEY (`id`);

--
-- Indexes for table `gdzs`
--
ALTER TABLE `gdzs`
  ADD PRIMARY KEY (`id`);

--
-- Indexes for table `homework`
--
ALTER TABLE `homework`
  ADD PRIMARY KEY (`id`);

--
-- Indexes for table `invitecodes`
--
ALTER TABLE `invitecodes`
  ADD PRIMARY KEY (`invitecode`);

--
-- Indexes for table `messages`
--
ALTER TABLE `messages`
  ADD PRIMARY KEY (`id`);

--
-- Indexes for table `posts`
--
ALTER TABLE `posts`
  ADD PRIMARY KEY (`id`);

--
-- Indexes for table `short-links`
--
ALTER TABLE `short-links`
  ADD PRIMARY KEY (`id`);

--
-- Indexes for table `subjects`
--
ALTER TABLE `subjects`
  ADD PRIMARY KEY (`id`);

--
-- Indexes for table `timetable`
--
ALTER TABLE `timetable`
  ADD PRIMARY KEY (`id`);

--
-- Indexes for table `timetable_change`
--
ALTER TABLE `timetable_change`
  ADD PRIMARY KEY (`id`);

--
-- Indexes for table `tokens`
--
ALTER TABLE `tokens`
  ADD PRIMARY KEY (`token`);

--
-- Indexes for table `users`
--
ALTER TABLE `users`
  ADD PRIMARY KEY (`id`);

--
-- Indexes for table `user_photos`
--
ALTER TABLE `user_photos`
  ADD PRIMARY KEY (`id`);

--
-- Indexes for table `votings`
--
ALTER TABLE `votings`
  ADD PRIMARY KEY (`id`);

--
-- Indexes for table `votings_descrs`
--
ALTER TABLE `votings_descrs`
  ADD PRIMARY KEY (`id`);

--
-- AUTO_INCREMENT for dumped tables
--

--
-- AUTO_INCREMENT for table `ach-descs`
--
ALTER TABLE `ach-descs`
  MODIFY `id` int(11) NOT NULL AUTO_INCREMENT, AUTO_INCREMENT=9;

--
-- AUTO_INCREMENT for table `achievements`
--
ALTER TABLE `achievements`
  MODIFY `id` int(11) NOT NULL AUTO_INCREMENT, AUTO_INCREMENT=141;

--
-- AUTO_INCREMENT for table `announcements`
--
ALTER TABLE `announcements`
  MODIFY `id` int(11) NOT NULL AUTO_INCREMENT, AUTO_INCREMENT=44;

--
-- AUTO_INCREMENT for table `blog`
--
ALTER TABLE `blog`
  MODIFY `id` int(11) NOT NULL AUTO_INCREMENT, AUTO_INCREMENT=32;

--
-- AUTO_INCREMENT for table `chat_bot`
--
ALTER TABLE `chat_bot`
  MODIFY `id` int(11) NOT NULL AUTO_INCREMENT, AUTO_INCREMENT=11;

--
-- AUTO_INCREMENT for table `cookies`
--
ALTER TABLE `cookies`
  MODIFY `i` int(11) NOT NULL AUTO_INCREMENT, AUTO_INCREMENT=74;

--
-- AUTO_INCREMENT for table `eges`
--
ALTER TABLE `eges`
  MODIFY `id` int(11) NOT NULL AUTO_INCREMENT, AUTO_INCREMENT=10;

--
-- AUTO_INCREMENT for table `friends`
--
ALTER TABLE `friends`
  MODIFY `id` int(11) NOT NULL AUTO_INCREMENT, AUTO_INCREMENT=35;

--
-- AUTO_INCREMENT for table `gdzs`
--
ALTER TABLE `gdzs`
  MODIFY `id` int(11) NOT NULL AUTO_INCREMENT, AUTO_INCREMENT=22;

--
-- AUTO_INCREMENT for table `homework`
--
ALTER TABLE `homework`
  MODIFY `id` int(11) NOT NULL AUTO_INCREMENT, AUTO_INCREMENT=299;

--
-- AUTO_INCREMENT for table `messages`
--
ALTER TABLE `messages`
  MODIFY `id` int(11) NOT NULL AUTO_INCREMENT, AUTO_INCREMENT=12;

--
-- AUTO_INCREMENT for table `posts`
--
ALTER TABLE `posts`
  MODIFY `id` int(11) NOT NULL AUTO_INCREMENT, AUTO_INCREMENT=60;

--
-- AUTO_INCREMENT for table `short-links`
--
ALTER TABLE `short-links`
  MODIFY `id` int(11) NOT NULL AUTO_INCREMENT, AUTO_INCREMENT=29;

--
-- AUTO_INCREMENT for table `subjects`
--
ALTER TABLE `subjects`
  MODIFY `id` int(11) NOT NULL AUTO_INCREMENT, AUTO_INCREMENT=23;

--
-- AUTO_INCREMENT for table `timetable`
--
ALTER TABLE `timetable`
  MODIFY `id` int(11) NOT NULL AUTO_INCREMENT, AUTO_INCREMENT=77;

--
-- AUTO_INCREMENT for table `timetable_change`
--
ALTER TABLE `timetable_change`
  MODIFY `id` int(11) NOT NULL AUTO_INCREMENT, AUTO_INCREMENT=56;

--
-- AUTO_INCREMENT for table `users`
--
ALTER TABLE `users`
  MODIFY `id` int(11) NOT NULL AUTO_INCREMENT, AUTO_INCREMENT=41;

--
-- AUTO_INCREMENT for table `user_photos`
--
ALTER TABLE `user_photos`
  MODIFY `id` int(11) NOT NULL AUTO_INCREMENT, AUTO_INCREMENT=35;

--
-- AUTO_INCREMENT for table `votings`
--
ALTER TABLE `votings`
  MODIFY `id` int(11) NOT NULL AUTO_INCREMENT, AUTO_INCREMENT=9;

--
-- AUTO_INCREMENT for table `votings_descrs`
--
ALTER TABLE `votings_descrs`
  MODIFY `id` int(11) NOT NULL AUTO_INCREMENT, AUTO_INCREMENT=3;
COMMIT;

/*!40101 SET CHARACTER_SET_CLIENT=@OLD_CHARACTER_SET_CLIENT */;
/*!40101 SET CHARACTER_SET_RESULTS=@OLD_CHARACTER_SET_RESULTS */;
/*!40101 SET COLLATION_CONNECTION=@OLD_COLLATION_CONNECTION */;
